,Algorithm,CandidatesNum,GroupsNumber,GroupMembers,Result
0,1,10,2,2,2.0
1,1,10,2,3,3.4
2,1,10,2,4,4.4
3,1,10,2,5,5.8
4,1,10,2,6,7.3
5,1,10,3,2,2.3
6,1,10,3,3,4.0
7,1,10,3,4,5.7
8,1,10,3,5,6.4
9,1,10,3,6,8.1
10,1,10,4,2,2.6
11,1,10,4,3,4.2
12,1,10,4,4,6.1
13,1,10,4,5,7.3
14,1,10,4,6,8.3
15,1,10,5,2,2.9
16,1,10,5,3,4.8
17,1,10,5,4,6.3
18,1,10,5,5,7.8
19,1,10,5,6,8.5
20,1,10,6,2,3.2
21,1,10,6,3,4.8
22,1,10,6,4,6.9
23,1,10,6,5,8.3
24,1,10,6,6,9.3
25,1,10,7,2,3.2
26,1,10,7,3,5.1
27,1,10,7,4,7.4
28,1,10,7,5,8.4
29,1,10,7,6,9.3
30,1,30,2,2,2.0
31,1,30,2,3,3.1
32,1,30,2,4,4.2
33,1,30,2,5,5.5
34,1,30,2,6,7.0
35,1,30,3,2,2.0
36,1,30,3,3,3.4
37,1,30,3,4,4.9
38,1,30,3,5,6.2
39,1,30,3,6,7.6
40,1,30,4,2,2.1
41,1,30,4,3,3.8
42,1,30,4,4,4.9
43,1,30,4,5,6.4
44,1,30,4,6,8.5
45,1,30,5,2,2.5
46,1,30,5,3,4.0
47,1,30,5,4,5.4
48,1,30,5,5,7.1
49,1,30,5,6,8.9
50,1,30,6,2,2.7
51,1,30,6,3,4.1
52,1,30,6,4,5.7
53,1,30,6,5,7.2
54,1,30,6,6,9.7
55,1,30,7,2,2.8
56,1,30,7,3,4.2
57,1,30,7,4,6.3
58,1,30,7,5,8.0
59,1,30,7,6,9.9
60,1,50,2,2,2.0
61,1,50,2,3,3.0
62,1,50,2,4,4.0
63,1,50,2,5,5.3
64,1,50,2,6,6.6
65,1,50,3,2,2.0
66,1,50,3,3,3.2
67,1,50,3,4,4.7
68,1,50,3,5,5.8
69,1,50,3,6,7.2
70,1,50,4,2,2.1
71,1,50,4,3,3.5
72,1,50,4,4,4.8
73,1,50,4,5,6.4
74,1,50,4,6,7.8
75,1,50,5,2,2.0
76,1,50,5,3,3.7
77,1,50,5,4,5.4
78,1,50,5,5,6.8
79,1,50,5,6,8.4
80,1,50,6,2,2.3
81,1,50,6,3,3.9
82,1,50,6,4,5.4
83,1,50,6,5,7.0
84,1,50,6,6,8.5
85,1,50,7,2,2.8
86,1,50,7,3,4.0
87,1,50,7,4,5.8
88,1,50,7,5,7.4
89,1,50,7,6,9.1
90,1,70,2,2,2.0
91,1,70,2,3,3.0
92,1,70,2,4,4.0
93,1,70,2,5,5.1
94,1,70,2,6,6.4
95,1,70,3,2,2.0
96,1,70,3,3,3.2
97,1,70,3,4,4.4
98,1,70,3,5,5.6
99,1,70,3,6,6.8
100,1,70,4,2,2.0
101,1,70,4,3,3.5
102,1,70,4,4,5.0
103,1,70,4,5,6.1
104,1,70,4,6,7.2
105,1,70,5,2,2.2
106,1,70,5,3,4.0
107,1,70,5,4,5.1
108,1,70,5,5,6.4
109,1,70,5,6,8.0
110,1,70,6,2,2.5
111,1,70,6,3,4.0
112,1,70,6,4,5.4
113,1,70,6,5,6.7
114,1,70,6,6,8.6
115,1,70,7,2,2.7
116,1,70,7,3,4.0
117,1,70,7,4,5.6
118,1,70,7,5,7.0
119,1,70,7,6,8.8
120,1,90,2,2,2.0
121,1,90,2,3,3.0
122,1,90,2,4,4.0
123,1,90,2,5,5.0
124,1,90,2,6,6.2
125,1,90,3,2,2.0
126,1,90,3,3,3.0
127,1,90,3,4,4.3
128,1,90,3,5,5.8
129,1,90,3,6,6.7
130,1,90,4,2,2.0
131,1,90,4,3,3.2
132,1,90,4,4,4.5
133,1,90,4,5,5.8
134,1,90,4,6,7.1
135,1,90,5,2,2.0
136,1,90,5,3,3.8
137,1,90,5,4,4.8
138,1,90,5,5,6.2
139,1,90,5,6,7.8
140,1,90,6,2,2.1
141,1,90,6,3,3.9
142,1,90,6,4,5.0
143,1,90,6,5,6.4
144,1,90,6,6,8.0
145,1,90,7,2,2.6
146,1,90,7,3,4.0
147,1,90,7,4,5.2
148,1,90,7,5,7.0
149,1,90,7,6,8.7
150,1,110,2,2,2.0
151,1,110,2,3,3.0
152,1,110,2,4,4.0
153,1,110,2,5,5.0
154,1,110,2,6,6.0
155,1,110,3,2,2.0
156,1,110,3,3,3.0
157,1,110,3,4,4.2
158,1,110,3,5,5.6
159,1,110,3,6,6.7
160,1,110,4,2,2.0
161,1,110,4,3,3.1
162,1,110,4,4,4.6
163,1,110,4,5,6.1
164,1,110,4,6,7.0
165,1,110,5,2,2.0
166,1,110,5,3,3.8
167,1,110,5,4,4.9
168,1,110,5,5,6.0
169,1,110,5,6,7.6
170,1,110,6,2,2.1
171,1,110,6,3,3.9
172,1,110,6,4,5.1
173,1,110,6,5,6.4
174,1,110,6,6,8.0
175,1,110,7,2,2.2
176,1,110,7,3,4.0
177,1,110,7,4,5.0
178,1,110,7,5,6.7
179,1,110,7,6,8.3
180,1,130,2,2,2.0
181,1,130,2,3,3.0
182,1,130,2,4,4.0
183,1,130,2,5,5.0
184,1,130,2,6,6.0
185,1,130,3,2,2.0
186,1,130,3,3,3.0
187,1,130,3,4,4.2
188,1,130,3,5,5.5
189,1,130,3,6,6.8
190,1,130,4,2,2.0
191,1,130,4,3,3.4
192,1,130,4,4,4.9
193,1,130,4,5,5.9
194,1,130,4,6,7.1
195,1,130,5,2,2.0
196,1,130,5,3,3.6
197,1,130,5,4,4.8
198,1,130,5,5,6.1
199,1,130,5,6,7.4
200,1,130,6,2,2.1
201,1,130,6,3,3.7
202,1,130,6,4,5.1
203,1,130,6,5,6.4
204,1,130,6,6,7.7
205,1,130,7,2,2.5
206,1,130,7,3,3.9
207,1,130,7,4,5.0
208,1,130,7,5,6.7
209,1,130,7,6,8.0
210,1,150,2,2,2.0
211,1,150,2,3,3.0
212,1,150,2,4,4.0
213,1,150,2,5,5.0
214,1,150,2,6,6.1
215,1,150,3,2,2.0
216,1,150,3,3,3.0
217,1,150,3,4,4.1
218,1,150,3,5,5.2
219,1,150,3,6,6.4
220,1,150,4,2,2.0
221,1,150,4,3,3.2
222,1,150,4,4,4.6
223,1,150,4,5,6.0
224,1,150,4,6,6.9
225,1,150,5,2,2.0
226,1,150,5,3,3.4
227,1,150,5,4,5.0
228,1,150,5,5,6.0
229,1,150,5,6,7.4
230,1,150,6,2,2.1
231,1,150,6,3,3.9
232,1,150,6,4,5.0
233,1,150,6,5,6.2
234,1,150,6,6,7.9
235,1,150,7,2,2.6
236,1,150,7,3,3.9
237,1,150,7,4,5.2
238,1,150,7,5,6.8
239,1,150,7,6,8.1
240,1,170,2,2,2.0
241,1,170,2,3,3.0
242,1,170,2,4,4.0
243,1,170,2,5,5.0
244,1,170,2,6,6.0
245,1,170,3,2,2.0
246,1,170,3,3,3.0
247,1,170,3,4,4.1
248,1,170,3,5,5.1
249,1,170,3,6,6.2
250,1,170,4,2,2.0
251,1,170,4,3,3.0
252,1,170,4,4,4.5
253,1,170,4,5,5.9
254,1,170,4,6,6.9
255,1,170,5,2,2.0
256,1,170,5,3,3.4
257,1,170,5,4,5.0
258,1,170,5,5,6.0
259,1,170,5,6,7.1
260,1,170,6,2,2.0
261,1,170,6,3,3.9
262,1,170,6,4,5.0
263,1,170,6,5,6.0
264,1,170,6,6,7.7
265,1,170,7,2,2.4
266,1,170,7,3,3.7
267,1,170,7,4,5.1
268,1,170,7,5,6.4
269,1,170,7,6,7.9
270,1,190,2,2,2.0
271,1,190,2,3,3.0
272,1,190,2,4,4.0
273,1,190,2,5,5.0
274,1,190,2,6,6.0
275,1,190,3,2,2.0
276,1,190,3,3,3.0
277,1,190,3,4,4.1
278,1,190,3,5,5.2
279,1,190,3,6,6.4
280,1,190,4,2,2.0
281,1,190,4,3,3.1
282,1,190,4,4,4.5
283,1,190,4,5,5.7
284,1,190,4,6,7.1
285,1,190,5,2,2.0
286,1,190,5,3,3.2
287,1,190,5,4,5.0
288,1,190,5,5,6.0
289,1,190,5,6,7.1
290,1,190,6,2,2.1
291,1,190,6,3,3.6
292,1,190,6,4,4.9
293,1,190,6,5,6.4
294,1,190,6,6,7.6
295,1,190,7,2,2.1
296,1,190,7,3,3.8
297,1,190,7,4,5.2
298,1,190,7,5,6.4
299,1,190,7,6,8.0
300,1,210,2,2,2.0
301,1,210,2,3,3.0
302,1,210,2,4,4.0
303,1,210,2,5,5.0
304,1,210,2,6,6.0
305,1,210,3,2,2.0
306,1,210,3,3,3.0
307,1,210,3,4,4.0
308,1,210,3,5,5.3
309,1,210,3,6,6.6
310,1,210,4,2,2.0
311,1,210,4,3,3.0
312,1,210,4,4,4.6
313,1,210,4,5,5.6
314,1,210,4,6,7.0
315,1,210,5,2,2.0
316,1,210,5,3,3.5
317,1,210,5,4,4.8
318,1,210,5,5,6.0
319,1,210,5,6,7.3
320,1,210,6,2,2.1
321,1,210,6,3,3.6
322,1,210,6,4,5.0
323,1,210,6,5,6.1
324,1,210,6,6,7.6
325,1,210,7,2,2.2
326,1,210,7,3,3.9
327,1,210,7,4,5.1
328,1,210,7,5,6.4
329,1,210,7,6,7.9
330,1,230,2,2,2.0
331,1,230,2,3,3.0
332,1,230,2,4,4.0
333,1,230,2,5,5.0
334,1,230,2,6,6.0
335,1,230,3,2,2.0
336,1,230,3,3,3.0
337,1,230,3,4,4.0
338,1,230,3,5,5.3
339,1,230,3,6,6.5
340,1,230,4,2,2.0
341,1,230,4,3,3.0
342,1,230,4,4,4.5
343,1,230,4,5,5.7
344,1,230,4,6,6.9
345,1,230,5,2,2.0
346,1,230,5,3,3.6
347,1,230,5,4,5.0
348,1,230,5,5,6.0
349,1,230,5,6,7.1
350,1,230,6,2,2.0
351,1,230,6,3,3.7
352,1,230,6,4,4.9
353,1,230,6,5,6.1
354,1,230,6,6,7.3
355,1,230,7,2,2.4
356,1,230,7,3,4.0
357,1,230,7,4,5.1
358,1,230,7,5,6.0
359,1,230,7,6,7.8
360,1,250,2,2,2.0
361,1,250,2,3,3.0
362,1,250,2,4,4.0
363,1,250,2,5,5.0
364,1,250,2,6,6.0
365,1,250,3,2,2.0
366,1,250,3,3,3.0
367,1,250,3,4,4.0
368,1,250,3,5,5.2
369,1,250,3,6,6.4
370,1,250,4,2,2.0
371,1,250,4,3,3.2
372,1,250,4,4,4.6
373,1,250,4,5,5.5
374,1,250,4,6,7.0
375,1,250,5,2,2.0
376,1,250,5,3,3.4
377,1,250,5,4,4.5
378,1,250,5,5,5.9
379,1,250,5,6,7.6
380,1,250,6,2,2.0
381,1,250,6,3,3.9
382,1,250,6,4,5.0
383,1,250,6,5,6.1
384,1,250,6,6,7.1
385,1,250,7,2,2.1
386,1,250,7,3,3.9
387,1,250,7,4,5.0
388,1,250,7,5,6.3
389,1,250,7,6,7.8
390,1,270,2,2,2.0
391,1,270,2,3,3.0
392,1,270,2,4,4.0
393,1,270,2,5,5.0
394,1,270,2,6,6.0
395,1,270,3,2,2.0
396,1,270,3,3,3.0
397,1,270,3,4,4.0
398,1,270,3,5,5.1
399,1,270,3,6,6.1
400,1,270,4,2,2.0
401,1,270,4,3,3.1
402,1,270,4,4,4.3
403,1,270,4,5,5.7
404,1,270,4,6,7.0
405,1,270,5,2,2.0
406,1,270,5,3,3.1
407,1,270,5,4,4.7
408,1,270,5,5,5.8
409,1,270,5,6,6.9
410,1,270,6,2,2.0
411,1,270,6,3,3.7
412,1,270,6,4,5.0
413,1,270,6,5,6.2
414,1,270,6,6,7.3
415,1,270,7,2,2.1
416,1,270,7,3,3.9
417,1,270,7,4,5.0
418,1,270,7,5,6.2
419,1,270,7,6,7.8
420,1,290,2,2,2.0
421,1,290,2,3,3.0
422,1,290,2,4,4.0
423,1,290,2,5,5.0
424,1,290,2,6,6.0
425,1,290,3,2,2.0
426,1,290,3,3,3.0
427,1,290,3,4,4.0
428,1,290,3,5,5.1
429,1,290,3,6,6.4
430,1,290,4,2,2.0
431,1,290,4,3,3.0
432,1,290,4,4,4.4
433,1,290,4,5,5.6
434,1,290,4,6,6.9
435,1,290,5,2,2.0
436,1,290,5,3,3.5
437,1,290,5,4,4.6
438,1,290,5,5,5.9
439,1,290,5,6,7.0
440,1,290,6,2,2.0
441,1,290,6,3,3.7
442,1,290,6,4,5.0
443,1,290,6,5,6.0
444,1,290,6,6,7.5
445,1,290,7,2,2.2
446,1,290,7,3,3.8
447,1,290,7,4,5.0
448,1,290,7,5,6.2
449,1,290,7,6,7.7
450,1,310,2,2,2.0
451,1,310,2,3,3.0
452,1,310,2,4,4.0
453,1,310,2,5,5.0
454,1,310,2,6,6.0
455,1,310,3,2,2.0
456,1,310,3,3,3.0
457,1,310,3,4,4.0
458,1,310,3,5,5.1
459,1,310,3,6,6.3
460,1,310,4,2,2.0
461,1,310,4,3,3.0
462,1,310,4,4,4.2
463,1,310,4,5,5.6
464,1,310,4,6,6.6
465,1,310,5,2,2.0
466,1,310,5,3,3.4
467,1,310,5,4,4.8
468,1,310,5,5,5.9
469,1,310,5,6,7.1
470,1,310,6,2,2.0
471,1,310,6,3,3.8
472,1,310,6,4,4.9
473,1,310,6,5,6.3
474,1,310,6,6,7.2
475,1,310,7,2,2.1
476,1,310,7,3,3.9
477,1,310,7,4,5.0
478,1,310,7,5,6.3
479,1,310,7,6,7.5
480,1,330,2,2,2.0
481,1,330,2,3,3.0
482,1,330,2,4,4.0
483,1,330,2,5,5.0
484,1,330,2,6,6.0
485,1,330,3,2,2.0
486,1,330,3,3,3.0
487,1,330,3,4,4.0
488,1,330,3,5,5.0
489,1,330,3,6,6.3
490,1,330,4,2,2.0
491,1,330,4,3,3.0
492,1,330,4,4,4.2
493,1,330,4,5,5.6
494,1,330,4,6,6.8
495,1,330,5,2,2.0
496,1,330,5,3,3.4
497,1,330,5,4,4.6
498,1,330,5,5,6.0
499,1,330,5,6,7.1
500,1,330,6,2,2.0
501,1,330,6,3,3.5
502,1,330,6,4,5.0
503,1,330,6,5,6.0
504,1,330,6,6,7.5
505,1,330,7,2,2.0
506,1,330,7,3,3.7
507,1,330,7,4,5.0
508,1,330,7,5,6.1
509,1,330,7,6,7.6
510,1,350,2,2,2.0
511,1,350,2,3,3.0
512,1,350,2,4,4.0
513,1,350,2,5,5.0
514,1,350,2,6,6.0
515,1,350,3,2,2.0
516,1,350,3,3,3.0
517,1,350,3,4,4.0
518,1,350,3,5,5.2
519,1,350,3,6,6.1
520,1,350,4,2,2.0
521,1,350,4,3,3.0
522,1,350,4,4,4.6
523,1,350,4,5,5.9
524,1,350,4,6,6.8
525,1,350,5,2,2.0
526,1,350,5,3,3.1
527,1,350,5,4,4.6
528,1,350,5,5,6.0
529,1,350,5,6,7.0
530,1,350,6,2,2.0
531,1,350,6,3,3.7
532,1,350,6,4,5.0
533,1,350,6,5,6.0
534,1,350,6,6,7.1
535,1,350,7,2,2.1
536,1,350,7,3,3.8
537,1,350,7,4,5.0
538,1,350,7,5,6.2
539,1,350,7,6,7.6
540,1,370,2,2,2.0
541,1,370,2,3,3.0
542,1,370,2,4,4.0
543,1,370,2,5,5.0
544,1,370,2,6,6.0
545,1,370,3,2,2.0
546,1,370,3,3,3.0
547,1,370,3,4,4.0
548,1,370,3,5,5.0
549,1,370,3,6,6.3
550,1,370,4,2,2.0
551,1,370,4,3,3.0
552,1,370,4,4,4.1
553,1,370,4,5,5.8
554,1,370,4,6,6.6
555,1,370,5,2,2.0
556,1,370,5,3,3.0
557,1,370,5,4,4.8
558,1,370,5,5,6.0
559,1,370,5,6,7.0
560,1,370,6,2,2.0
561,1,370,6,3,3.6
562,1,370,6,4,5.0
563,1,370,6,5,6.0
564,1,370,6,6,7.2
565,1,370,7,2,2.0
566,1,370,7,3,3.9
567,1,370,7,4,4.9
568,1,370,7,5,6.2
569,1,370,7,6,7.6
570,1,390,2,2,2.0
571,1,390,2,3,3.0
572,1,390,2,4,4.0
573,1,390,2,5,5.0
574,1,390,2,6,6.0
575,1,390,3,2,2.0
576,1,390,3,3,3.0
577,1,390,3,4,4.0
578,1,390,3,5,5.1
579,1,390,3,6,6.1
580,1,390,4,2,2.0
581,1,390,4,3,3.0
582,1,390,4,4,4.1
583,1,390,4,5,5.6
584,1,390,4,6,6.7
585,1,390,5,2,2.0
586,1,390,5,3,3.2
587,1,390,5,4,4.9
588,1,390,5,5,5.9
589,1,390,5,6,7.2
590,1,390,6,2,2.0
591,1,390,6,3,3.6
592,1,390,6,4,4.9
593,1,390,6,5,5.9
594,1,390,6,6,7.4
595,1,390,7,2,2.1
596,1,390,7,3,3.9
597,1,390,7,4,5.0
598,1,390,7,5,6.1
599,1,390,7,6,7.5
600,1,410,2,2,2.0
601,1,410,2,3,3.0
602,1,410,2,4,4.0
603,1,410,2,5,5.0
604,1,410,2,6,6.0
605,1,410,3,2,2.0
606,1,410,3,3,3.0
607,1,410,3,4,4.0
608,1,410,3,5,5.0
609,1,410,3,6,6.0
610,1,410,4,2,2.0
611,1,410,4,3,3.0
612,1,410,4,4,4.2
613,1,410,4,5,5.6
614,1,410,4,6,6.7
615,1,410,5,2,2.0
616,1,410,5,3,3.2
617,1,410,5,4,4.7
618,1,410,5,5,5.9
619,1,410,5,6,7.0
620,1,410,6,2,2.0
621,1,410,6,3,3.3
622,1,410,6,4,4.9
623,1,410,6,5,6.0
624,1,410,6,6,7.3
625,1,410,7,2,2.0
626,1,410,7,3,3.9
627,1,410,7,4,5.0
628,1,410,7,5,6.2
629,1,410,7,6,7.6
630,1,430,2,2,2.0
631,1,430,2,3,3.0
632,1,430,2,4,4.0
633,1,430,2,5,5.0
634,1,430,2,6,6.0
635,1,430,3,2,2.0
636,1,430,3,3,3.0
637,1,430,3,4,4.0
638,1,430,3,5,5.0
639,1,430,3,6,6.4
640,1,430,4,2,2.0
641,1,430,4,3,3.0
642,1,430,4,4,4.1
643,1,430,4,5,5.7
644,1,430,4,6,6.8
645,1,430,5,2,2.0
646,1,430,5,3,3.4
647,1,430,5,4,4.6
648,1,430,5,5,5.9
649,1,430,5,6,7.1
650,1,430,6,2,2.0
651,1,430,6,3,3.6
652,1,430,6,4,4.9
653,1,430,6,5,6.0
654,1,430,6,6,7.2
655,1,430,7,2,2.2
656,1,430,7,3,3.9
657,1,430,7,4,4.9
658,1,430,7,5,6.2
659,1,430,7,6,7.3
660,1,450,2,2,2.0
661,1,450,2,3,3.0
662,1,450,2,4,4.0
663,1,450,2,5,5.0
664,1,450,2,6,6.0
665,1,450,3,2,2.0
666,1,450,3,3,3.0
667,1,450,3,4,4.0
668,1,450,3,5,5.0
669,1,450,3,6,6.1
670,1,450,4,2,2.0
671,1,450,4,3,3.0
672,1,450,4,4,4.1
673,1,450,4,5,5.3
674,1,450,4,6,6.9
675,1,450,5,2,2.0
676,1,450,5,3,3.2
677,1,450,5,4,4.6
678,1,450,5,5,5.9
679,1,450,5,6,7.0
680,1,450,6,2,2.0
681,1,450,6,3,3.6
682,1,450,6,4,5.0
683,1,450,6,5,6.0
684,1,450,6,6,7.2
685,1,450,7,2,2.1
686,1,450,7,3,3.9
687,1,450,7,4,5.0
688,1,450,7,5,6.0
689,1,450,7,6,7.8
690,1,470,2,2,2.0
691,1,470,2,3,3.0
692,1,470,2,4,4.0
693,1,470,2,5,5.0
694,1,470,2,6,6.0
695,1,470,3,2,2.0
696,1,470,3,3,3.0
697,1,470,3,4,4.0
698,1,470,3,5,5.0
699,1,470,3,6,6.0
700,1,470,4,2,2.0
701,1,470,4,3,3.0
702,1,470,4,4,4.2
703,1,470,4,5,5.6
704,1,470,4,6,6.9
705,1,470,5,2,2.0
706,1,470,5,3,3.4
707,1,470,5,4,4.9
708,1,470,5,5,5.9
709,1,470,5,6,7.1
710,1,470,6,2,2.0
711,1,470,6,3,3.4
712,1,470,6,4,5.0
713,1,470,6,5,6.0
714,1,470,6,6,7.2
715,1,470,7,2,2.0
716,1,470,7,3,3.8
717,1,470,7,4,5.0
718,1,470,7,5,6.0
719,1,470,7,6,7.3
720,1,490,2,2,2.0
721,1,490,2,3,3.0
722,1,490,2,4,4.0
723,1,490,2,5,5.0
724,1,490,2,6,6.0
725,1,490,3,2,2.0
726,1,490,3,3,3.0
727,1,490,3,4,4.0
728,1,490,3,5,5.1
729,1,490,3,6,6.0
730,1,490,4,2,2.0
731,1,490,4,3,3.0
732,1,490,4,4,4.2
733,1,490,4,5,5.5
734,1,490,4,6,7.0
735,1,490,5,2,2.0
736,1,490,5,3,3.1
737,1,490,5,4,4.5
738,1,490,5,5,6.0
739,1,490,5,6,6.8
740,1,490,6,2,2.0
741,1,490,6,3,3.6
742,1,490,6,4,5.0
743,1,490,6,5,6.0
744,1,490,6,6,7.2
745,1,490,7,2,2.0
746,1,490,7,3,4.0
747,1,490,7,4,5.1
748,1,490,7,5,6.2
749,1,490,7,6,7.3
750,2,10,2,2,2.6
751,2,10,2,3,3.8
752,2,10,2,4,4.8
753,2,10,2,5,6.4
754,2,10,2,6,7.4
755,2,10,3,2,3.0
756,2,10,3,3,4.3
757,2,10,3,4,6.0
758,2,10,3,5,7.1
759,2,10,3,6,8.2
760,2,10,4,2,3.3
761,2,10,4,3,5.0
762,2,10,4,4,6.7
763,2,10,4,5,8.5
764,2,10,4,6,9.3
765,2,10,5,2,3.5
766,2,10,5,3,5.7
767,2,10,5,4,6.7
768,2,10,5,5,7.9
769,2,10,5,6,9.2
770,2,10,6,2,3.5
771,2,10,6,3,5.8
772,2,10,6,4,7.1
773,2,10,6,5,8.4
774,2,10,6,6,9.4
775,2,10,7,2,3.8
776,2,10,7,3,5.8
777,2,10,7,4,8.2
778,2,10,7,5,9.1
779,2,10,7,6,9.7
780,2,30,2,2,2.6
781,2,30,2,3,3.3
782,2,30,2,4,4.8
783,2,30,2,5,6.0
784,2,30,2,6,8.0
785,2,30,3,2,2.8
786,2,30,3,3,4.5
787,2,30,3,4,6.3
788,2,30,3,5,8.5
789,2,30,3,6,9.5
790,2,30,4,2,3.2
791,2,30,4,3,5.1
792,2,30,4,4,6.3
793,2,30,4,5,8.8
794,2,30,4,6,10.7
795,2,30,5,2,3.5
796,2,30,5,3,5.4
797,2,30,5,4,7.4
798,2,30,5,5,9.0
799,2,30,5,6,11.6
800,2,30,6,2,3.7
801,2,30,6,3,5.6
802,2,30,6,4,8.1
803,2,30,6,5,10.1
804,2,30,6,6,11.6
805,2,30,7,2,3.7
806,2,30,7,3,6.4
807,2,30,7,4,7.8
808,2,30,7,5,10.4
809,2,30,7,6,12.6
810,2,50,2,2,2.3
811,2,50,2,3,3.9
812,2,50,2,4,5.6
813,2,50,2,5,6.5
814,2,50,2,6,8.3
815,2,50,3,2,2.6
816,2,50,3,3,4.3
817,2,50,3,4,6.4
818,2,50,3,5,7.9
819,2,50,3,6,9.6
820,2,50,4,2,3.1
821,2,50,4,3,5.2
822,2,50,4,4,7.2
823,2,50,4,5,8.6
824,2,50,4,6,10.9
825,2,50,5,2,3.3
826,2,50,5,3,5.9
827,2,50,5,4,7.3
828,2,50,5,5,9.4
829,2,50,5,6,11.5
830,2,50,6,2,3.6
831,2,50,6,3,5.6
832,2,50,6,4,8.3
833,2,50,6,5,9.7
834,2,50,6,6,12.3
835,2,50,7,2,3.6
836,2,50,7,3,6.2
837,2,50,7,4,7.9
838,2,50,7,5,10.7
839,2,50,7,6,12.9
840,2,70,2,2,2.5
841,2,70,2,3,4.0
842,2,70,2,4,5.1
843,2,70,2,5,6.8
844,2,70,2,6,7.9
845,2,70,3,2,2.8
846,2,70,3,3,4.3
847,2,70,3,4,6.1
848,2,70,3,5,8.1
849,2,70,3,6,9.5
850,2,70,4,2,3.3
851,2,70,4,3,5.0
852,2,70,4,4,6.9
853,2,70,4,5,8.5
854,2,70,4,6,10.0
855,2,70,5,2,3.6
856,2,70,5,3,5.0
857,2,70,5,4,7.1
858,2,70,5,5,9.9
859,2,70,5,6,11.9
860,2,70,6,2,3.8
861,2,70,6,3,5.7
862,2,70,6,4,8.2
863,2,70,6,5,9.9
864,2,70,6,6,12.3
865,2,70,7,2,4.0
866,2,70,7,3,6.2
867,2,70,7,4,8.1
868,2,70,7,5,10.9
869,2,70,7,6,13.0
870,2,90,2,2,2.3
871,2,90,2,3,3.8
872,2,90,2,4,5.3
873,2,90,2,5,6.6
874,2,90,2,6,8.0
875,2,90,3,2,2.9
876,2,90,3,3,4.4
877,2,90,3,4,6.4
878,2,90,3,5,7.7
879,2,90,3,6,9.5
880,2,90,4,2,3.1
881,2,90,4,3,5.3
882,2,90,4,4,7.0
883,2,90,4,5,8.9
884,2,90,4,6,10.6
885,2,90,5,2,3.2
886,2,90,5,3,5.2
887,2,90,5,4,7.1
888,2,90,5,5,10.0
889,2,90,5,6,12.0
890,2,90,6,2,3.7
891,2,90,6,3,5.7
892,2,90,6,4,8.2
893,2,90,6,5,10.2
894,2,90,6,6,12.3
895,2,90,7,2,3.8
896,2,90,7,3,6.4
897,2,90,7,4,8.3
898,2,90,7,5,10.4
899,2,90,7,6,13.2
900,2,110,2,2,2.5
901,2,110,2,3,4.0
902,2,110,2,4,5.1
903,2,110,2,5,7.1
904,2,110,2,6,7.9
905,2,110,3,2,2.7
906,2,110,3,3,4.2
907,2,110,3,4,6.6
908,2,110,3,5,7.9
909,2,110,3,6,9.5
910,2,110,4,2,3.2
911,2,110,4,3,5.0
912,2,110,4,4,6.8
913,2,110,4,5,8.4
914,2,110,4,6,10.9
915,2,110,5,2,3.4
916,2,110,5,3,5.0
917,2,110,5,4,7.4
918,2,110,5,5,9.3
919,2,110,5,6,11.4
920,2,110,6,2,3.9
921,2,110,6,3,5.5
922,2,110,6,4,8.2
923,2,110,6,5,9.8
924,2,110,6,6,12.8
925,2,110,7,2,4.1
926,2,110,7,3,5.8
927,2,110,7,4,7.9
928,2,110,7,5,10.5
929,2,110,7,6,12.9
930,2,130,2,2,2.8
931,2,130,2,3,3.8
932,2,130,2,4,5.3
933,2,130,2,5,6.1
934,2,130,2,6,8.1
935,2,130,3,2,3.1
936,2,130,3,3,4.4
937,2,130,3,4,5.7
938,2,130,3,5,8.1
939,2,130,3,6,9.4
940,2,130,4,2,3.0
941,2,130,4,3,5.4
942,2,130,4,4,6.9
943,2,130,4,5,8.8
944,2,130,4,6,10.8
945,2,130,5,2,3.1
946,2,130,5,3,5.4
947,2,130,5,4,7.5
948,2,130,5,5,9.3
949,2,130,5,6,11.4
950,2,130,6,2,3.4
951,2,130,6,3,5.8
952,2,130,6,4,7.9
953,2,130,6,5,10.2
954,2,130,6,6,12.2
955,2,130,7,2,3.7
956,2,130,7,3,6.0
957,2,130,7,4,8.7
958,2,130,7,5,9.9
959,2,130,7,6,12.8
960,2,150,2,2,2.3
961,2,150,2,3,3.9
962,2,150,2,4,5.4
963,2,150,2,5,6.6
964,2,150,2,6,7.9
965,2,150,3,2,3.0
966,2,150,3,3,4.3
967,2,150,3,4,6.4
968,2,150,3,5,7.4
969,2,150,3,6,10.6
970,2,150,4,2,2.9
971,2,150,4,3,4.7
972,2,150,4,4,6.9
973,2,150,4,5,8.7
974,2,150,4,6,10.1
975,2,150,5,2,3.5
976,2,150,5,3,5.1
977,2,150,5,4,7.9
978,2,150,5,5,9.4
979,2,150,5,6,10.9
980,2,150,6,2,3.6
981,2,150,6,3,5.6
982,2,150,6,4,7.8
983,2,150,6,5,10.8
984,2,150,6,6,12.3
985,2,150,7,2,3.8
986,2,150,7,3,6.1
987,2,150,7,4,8.7
988,2,150,7,5,10.9
989,2,150,7,6,12.4
990,2,170,2,2,2.6
991,2,170,2,3,4.1
992,2,170,2,4,4.9
993,2,170,2,5,6.7
994,2,170,2,6,7.7
995,2,170,3,2,3.2
996,2,170,3,3,4.3
997,2,170,3,4,5.6
998,2,170,3,5,7.8
999,2,170,3,6,9.6
1000,2,170,4,2,3.4
1001,2,170,4,3,4.9
1002,2,170,4,4,7.5
1003,2,170,4,5,8.7
1004,2,170,4,6,10.5
1005,2,170,5,2,3.6
1006,2,170,5,3,5.6
1007,2,170,5,4,7.7
1008,2,170,5,5,8.9
1009,2,170,5,6,11.4
1010,2,170,6,2,4.0
1011,2,170,6,3,5.8
1012,2,170,6,4,7.8
1013,2,170,6,5,9.7
1014,2,170,6,6,12.2
1015,2,170,7,2,3.8
1016,2,170,7,3,6.1
1017,2,170,7,4,7.9
1018,2,170,7,5,10.4
1019,2,170,7,6,12.4
1020,2,190,2,2,2.4
1021,2,190,2,3,4.1
1022,2,190,2,4,5.4
1023,2,190,2,5,6.5
1024,2,190,2,6,7.9
1025,2,190,3,2,2.9
1026,2,190,3,3,4.3
1027,2,190,3,4,6.6
1028,2,190,3,5,7.6
1029,2,190,3,6,9.5
1030,2,190,4,2,3.3
1031,2,190,4,3,5.0
1032,2,190,4,4,7.1
1033,2,190,4,5,8.9
1034,2,190,4,6,10.6
1035,2,190,5,2,3.3
1036,2,190,5,3,5.0
1037,2,190,5,4,7.3
1038,2,190,5,5,9.5
1039,2,190,5,6,11.6
1040,2,190,6,2,3.8
1041,2,190,6,3,5.8
1042,2,190,6,4,7.7
1043,2,190,6,5,9.6
1044,2,190,6,6,12.3
1045,2,190,7,2,3.7
1046,2,190,7,3,6.4
1047,2,190,7,4,7.9
1048,2,190,7,5,10.7
1049,2,190,7,6,12.7
1050,2,210,2,2,2.2
1051,2,210,2,3,3.5
1052,2,210,2,4,5.1
1053,2,210,2,5,6.5
1054,2,210,2,6,8.3
1055,2,210,3,2,2.6
1056,2,210,3,3,4.6
1057,2,210,3,4,6.2
1058,2,210,3,5,7.8
1059,2,210,3,6,8.7
1060,2,210,4,2,3.0
1061,2,210,4,3,5.1
1062,2,210,4,4,6.5
1063,2,210,4,5,8.2
1064,2,210,4,6,10.6
1065,2,210,5,2,3.4
1066,2,210,5,3,5.3
1067,2,210,5,4,7.8
1068,2,210,5,5,9.4
1069,2,210,5,6,11.6
1070,2,210,6,2,3.5
1071,2,210,6,3,6.1
1072,2,210,6,4,8.0
1073,2,210,6,5,9.8
1074,2,210,6,6,12.5
1075,2,210,7,2,3.9
1076,2,210,7,3,6.2
1077,2,210,7,4,8.3
1078,2,210,7,5,9.9
1079,2,210,7,6,12.6
1080,2,230,2,2,2.7
1081,2,230,2,3,3.9
1082,2,230,2,4,5.7
1083,2,230,2,5,6.3
1084,2,230,2,6,8.3
1085,2,230,3,2,2.8
1086,2,230,3,3,4.5
1087,2,230,3,4,6.2
1088,2,230,3,5,7.6
1089,2,230,3,6,9.6
1090,2,230,4,2,3.3
1091,2,230,4,3,4.7
1092,2,230,4,4,7.0
1093,2,230,4,5,8.3
1094,2,230,4,6,10.2
1095,2,230,5,2,3.5
1096,2,230,5,3,5.7
1097,2,230,5,4,7.8
1098,2,230,5,5,9.3
1099,2,230,5,6,11.1
1100,2,230,6,2,3.5
1101,2,230,6,3,6.1
1102,2,230,6,4,7.5
1103,2,230,6,5,9.9
1104,2,230,6,6,11.9
1105,2,230,7,2,4.1
1106,2,230,7,3,5.8
1107,2,230,7,4,9.0
1108,2,230,7,5,10.2
1109,2,230,7,6,13.0
1110,2,250,2,2,2.7
1111,2,250,2,3,3.8
1112,2,250,2,4,5.6
1113,2,250,2,5,6.7
1114,2,250,2,6,8.2
1115,2,250,3,2,3.0
1116,2,250,3,3,4.6
1117,2,250,3,4,6.2
1118,2,250,3,5,7.9
1119,2,250,3,6,9.2
1120,2,250,4,2,3.5
1121,2,250,4,3,5.1
1122,2,250,4,4,6.9
1123,2,250,4,5,8.9
1124,2,250,4,6,10.1
1125,2,250,5,2,3.4
1126,2,250,5,3,5.4
1127,2,250,5,4,7.1
1128,2,250,5,5,9.4
1129,2,250,5,6,11.3
1130,2,250,6,2,3.3
1131,2,250,6,3,5.4
1132,2,250,6,4,8.2
1133,2,250,6,5,9.2
1134,2,250,6,6,11.7
1135,2,250,7,2,3.7
1136,2,250,7,3,6.4
1137,2,250,7,4,8.3
1138,2,250,7,5,10.6
1139,2,250,7,6,12.8
1140,2,270,2,2,2.3
1141,2,270,2,3,4.1
1142,2,270,2,4,5.3
1143,2,270,2,5,6.5
1144,2,270,2,6,7.9
1145,2,270,3,2,2.9
1146,2,270,3,3,4.8
1147,2,270,3,4,5.8
1148,2,270,3,5,7.8
1149,2,270,3,6,10.1
1150,2,270,4,2,3.1
1151,2,270,4,3,4.7
1152,2,270,4,4,6.7
1153,2,270,4,5,8.5
1154,2,270,4,6,10.9
1155,2,270,5,2,3.2
1156,2,270,5,3,5.7
1157,2,270,5,4,7.1
1158,2,270,5,5,9.7
1159,2,270,5,6,11.6
1160,2,270,6,2,3.6
1161,2,270,6,3,5.6
1162,2,270,6,4,7.4
1163,2,270,6,5,9.1
1164,2,270,6,6,12.2
1165,2,270,7,2,3.9
1166,2,270,7,3,6.1
1167,2,270,7,4,8.7
1168,2,270,7,5,11.0
1169,2,270,7,6,12.7
1170,2,290,2,2,2.4
1171,2,290,2,3,4.3
1172,2,290,2,4,5.3
1173,2,290,2,5,6.9
1174,2,290,2,6,7.8
1175,2,290,3,2,2.7
1176,2,290,3,3,4.5
1177,2,290,3,4,6.3
1178,2,290,3,5,7.8
1179,2,290,3,6,9.3
1180,2,290,4,2,3.4
1181,2,290,4,3,5.0
1182,2,290,4,4,6.7
1183,2,290,4,5,8.1
1184,2,290,4,6,10.8
1185,2,290,5,2,3.9
1186,2,290,5,3,5.4
1187,2,290,5,4,7.2
1188,2,290,5,5,9.5
1189,2,290,5,6,10.9
1190,2,290,6,2,3.6
1191,2,290,6,3,6.4
1192,2,290,6,4,7.8
1193,2,290,6,5,10.0
1194,2,290,6,6,12.5
1195,2,290,7,2,4.0
1196,2,290,7,3,6.3
1197,2,290,7,4,8.6
1198,2,290,7,5,10.1
1199,2,290,7,6,13.0
1200,2,310,2,2,2.7
1201,2,310,2,3,4.0
1202,2,310,2,4,5.4
1203,2,310,2,5,6.4
1204,2,310,2,6,7.9
1205,2,310,3,2,3.1
1206,2,310,3,3,4.9
1207,2,310,3,4,6.3
1208,2,310,3,5,8.1
1209,2,310,3,6,9.4
1210,2,310,4,2,3.6
1211,2,310,4,3,4.6
1212,2,310,4,4,7.0
1213,2,310,4,5,8.6
1214,2,310,4,6,10.5
1215,2,310,5,2,3.5
1216,2,310,5,3,5.7
1217,2,310,5,4,7.1
1218,2,310,5,5,9.4
1219,2,310,5,6,11.3
1220,2,310,6,2,3.5
1221,2,310,6,3,5.7
1222,2,310,6,4,7.9
1223,2,310,6,5,10.2
1224,2,310,6,6,12.2
1225,2,310,7,2,3.7
1226,2,310,7,3,6.1
1227,2,310,7,4,9.2
1228,2,310,7,5,10.1
1229,2,310,7,6,12.3
1230,2,330,2,2,2.8
1231,2,330,2,3,3.9
1232,2,330,2,4,5.5
1233,2,330,2,5,6.4
1234,2,330,2,6,7.8
1235,2,330,3,2,2.9
1236,2,330,3,3,4.3
1237,2,330,3,4,5.9
1238,2,330,3,5,7.6
1239,2,330,3,6,9.6
1240,2,330,4,2,3.1
1241,2,330,4,3,5.2
1242,2,330,4,4,6.5
1243,2,330,4,5,8.9
1244,2,330,4,6,10.7
1245,2,330,5,2,3.3
1246,2,330,5,3,5.6
1247,2,330,5,4,7.1
1248,2,330,5,5,9.6
1249,2,330,5,6,11.0
1250,2,330,6,2,3.8
1251,2,330,6,3,5.7
1252,2,330,6,4,7.8
1253,2,330,6,5,10.7
1254,2,330,6,6,12.4
1255,2,330,7,2,3.8
1256,2,330,7,3,5.9
1257,2,330,7,4,8.3
1258,2,330,7,5,10.8
1259,2,330,7,6,13.1
1260,2,350,2,2,2.8
1261,2,350,2,3,3.6
1262,2,350,2,4,5.1
1263,2,350,2,5,6.5
1264,2,350,2,6,8.1
1265,2,350,3,2,2.8
1266,2,350,3,3,4.3
1267,2,350,3,4,6.4
1268,2,350,3,5,8.0
1269,2,350,3,6,9.5
1270,2,350,4,2,3.1
1271,2,350,4,3,4.9
1272,2,350,4,4,7.2
1273,2,350,4,5,8.8
1274,2,350,4,6,10.6
1275,2,350,5,2,2.9
1276,2,350,5,3,5.3
1277,2,350,5,4,7.4
1278,2,350,5,5,9.7
1279,2,350,5,6,11.2
1280,2,350,6,2,3.6
1281,2,350,6,3,6.1
1282,2,350,6,4,7.8
1283,2,350,6,5,10.0
1284,2,350,6,6,11.6
1285,2,350,7,2,3.8
1286,2,350,7,3,5.9
1287,2,350,7,4,8.1
1288,2,350,7,5,10.3
1289,2,350,7,6,12.6
1290,2,370,2,2,2.3
1291,2,370,2,3,3.7
1292,2,370,2,4,4.9
1293,2,370,2,5,6.5
1294,2,370,2,6,7.7
1295,2,370,3,2,3.1
1296,2,370,3,3,4.5
1297,2,370,3,4,6.6
1298,2,370,3,5,7.9
1299,2,370,3,6,9.0
1300,2,370,4,2,3.2
1301,2,370,4,3,5.3
1302,2,370,4,4,7.4
1303,2,370,4,5,8.7
1304,2,370,4,6,10.7
1305,2,370,5,2,3.3
1306,2,370,5,3,5.4
1307,2,370,5,4,7.4
1308,2,370,5,5,9.1
1309,2,370,5,6,11.8
1310,2,370,6,2,3.7
1311,2,370,6,3,6.0
1312,2,370,6,4,8.1
1313,2,370,6,5,10.5
1314,2,370,6,6,11.7
1315,2,370,7,2,3.6
1316,2,370,7,3,6.7
1317,2,370,7,4,8.5
1318,2,370,7,5,10.1
1319,2,370,7,6,12.8
1320,2,390,2,2,2.2
1321,2,390,2,3,4.0
1322,2,390,2,4,5.7
1323,2,390,2,5,6.7
1324,2,390,2,6,8.2
1325,2,390,3,2,3.0
1326,2,390,3,3,4.8
1327,2,390,3,4,6.2
1328,2,390,3,5,7.8
1329,2,390,3,6,9.7
1330,2,390,4,2,3.2
1331,2,390,4,3,4.8
1332,2,390,4,4,6.5
1333,2,390,4,5,8.5
1334,2,390,4,6,10.5
1335,2,390,5,2,3.3
1336,2,390,5,3,5.1
1337,2,390,5,4,7.0
1338,2,390,5,5,9.4
1339,2,390,5,6,11.1
1340,2,390,6,2,3.6
1341,2,390,6,3,5.3
1342,2,390,6,4,8.1
1343,2,390,6,5,10.2
1344,2,390,6,6,11.9
1345,2,390,7,2,3.7
1346,2,390,7,3,6.5
1347,2,390,7,4,8.4
1348,2,390,7,5,10.3
1349,2,390,7,6,12.8
1350,2,410,2,2,2.8
1351,2,410,2,3,4.1
1352,2,410,2,4,5.3
1353,2,410,2,5,6.3
1354,2,410,2,6,7.7
1355,2,410,3,2,3.0
1356,2,410,3,3,4.6
1357,2,410,3,4,6.0
1358,2,410,3,5,7.6
1359,2,410,3,6,9.7
1360,2,410,4,2,3.4
1361,2,410,4,3,4.9
1362,2,410,4,4,6.5
1363,2,410,4,5,9.1
1364,2,410,4,6,11.0
1365,2,410,5,2,3.3
1366,2,410,5,3,5.6
1367,2,410,5,4,7.9
1368,2,410,5,5,9.0
1369,2,410,5,6,11.3
1370,2,410,6,2,3.1
1371,2,410,6,3,5.5
1372,2,410,6,4,8.2
1373,2,410,6,5,9.9
1374,2,410,6,6,12.6
1375,2,410,7,2,3.7
1376,2,410,7,3,5.8
1377,2,410,7,4,8.4
1378,2,410,7,5,10.5
1379,2,410,7,6,12.4
1380,2,430,2,2,2.6
1381,2,430,2,3,3.4
1382,2,430,2,4,5.2
1383,2,430,2,5,6.9
1384,2,430,2,6,8.1
1385,2,430,3,2,2.7
1386,2,430,3,3,4.7
1387,2,430,3,4,6.0
1388,2,430,3,5,7.4
1389,2,430,3,6,9.4
1390,2,430,4,2,3.1
1391,2,430,4,3,5.0
1392,2,430,4,4,6.8
1393,2,430,4,5,8.4
1394,2,430,4,6,10.6
1395,2,430,5,2,3.6
1396,2,430,5,3,5.5
1397,2,430,5,4,7.3
1398,2,430,5,5,10.0
1399,2,430,5,6,11.4
1400,2,430,6,2,3.3
1401,2,430,6,3,5.6
1402,2,430,6,4,8.2
1403,2,430,6,5,9.8
1404,2,430,6,6,12.7
1405,2,430,7,2,3.6
1406,2,430,7,3,6.1
1407,2,430,7,4,8.6
1408,2,430,7,5,10.4
1409,2,430,7,6,13.6
1410,2,450,2,2,2.7
1411,2,450,2,3,3.9
1412,2,450,2,4,4.9
1413,2,450,2,5,6.9
1414,2,450,2,6,7.9
1415,2,450,3,2,2.9
1416,2,450,3,3,4.6
1417,2,450,3,4,6.2
1418,2,450,3,5,7.8
1419,2,450,3,6,9.8
1420,2,450,4,2,3.2
1421,2,450,4,3,5.3
1422,2,450,4,4,7.0
1423,2,450,4,5,8.7
1424,2,450,4,6,10.3
1425,2,450,5,2,3.5
1426,2,450,5,3,5.3
1427,2,450,5,4,7.4
1428,2,450,5,5,9.4
1429,2,450,5,6,11.9
1430,2,450,6,2,3.8
1431,2,450,6,3,5.8
1432,2,450,6,4,8.0
1433,2,450,6,5,10.2
1434,2,450,6,6,11.8
1435,2,450,7,2,4.0
1436,2,450,7,3,5.5
1437,2,450,7,4,8.8
1438,2,450,7,5,10.8
1439,2,450,7,6,13.6
1440,2,470,2,2,2.5
1441,2,470,2,3,3.9
1442,2,470,2,4,5.7
1443,2,470,2,5,6.5
1444,2,470,2,6,7.9
1445,2,470,3,2,3.0
1446,2,470,3,3,4.7
1447,2,470,3,4,6.6
1448,2,470,3,5,7.5
1449,2,470,3,6,10.0
1450,2,470,4,2,3.1
1451,2,470,4,3,5.2
1452,2,470,4,4,6.5
1453,2,470,4,5,8.4
1454,2,470,4,6,10.5
1455,2,470,5,2,3.5
1456,2,470,5,3,5.4
1457,2,470,5,4,7.2
1458,2,470,5,5,9.0
1459,2,470,5,6,11.1
1460,2,470,6,2,4.0
1461,2,470,6,3,6.5
1462,2,470,6,4,7.8
1463,2,470,6,5,10.5
1464,2,470,6,6,12.3
1465,2,470,7,2,3.8
1466,2,470,7,3,6.0
1467,2,470,7,4,8.5
1468,2,470,7,5,10.6
1469,2,470,7,6,13.0
1470,2,490,2,2,2.5
1471,2,490,2,3,3.9
1472,2,490,2,4,5.4
1473,2,490,2,5,6.9
1474,2,490,2,6,7.7
1475,2,490,3,2,2.7
1476,2,490,3,3,4.7
1477,2,490,3,4,6.5
1478,2,490,3,5,7.7
1479,2,490,3,6,9.7
1480,2,490,4,2,3.0
1481,2,490,4,3,5.3
1482,2,490,4,4,6.8
1483,2,490,4,5,8.8
1484,2,490,4,6,10.4
1485,2,490,5,2,3.4
1486,2,490,5,3,5.4
1487,2,490,5,4,7.5
1488,2,490,5,5,9.3
1489,2,490,5,6,11.5
1490,2,490,6,2,3.7
1491,2,490,6,3,5.7
1492,2,490,6,4,7.7
1493,2,490,6,5,10.1
1494,2,490,6,6,12.8
1495,2,490,7,2,3.7
1496,2,490,7,3,6.1
1497,2,490,7,4,8.4
1498,2,490,7,5,10.9
1499,2,490,7,6,13.1
1500,3,10,2,2,2.7
1501,3,10,2,3,4.6
1502,3,10,2,4,5.2
1503,3,10,2,5,7.0
1504,3,10,2,6,8.3
1505,3,10,3,2,3.3
1506,3,10,3,3,5.3
1507,3,10,3,4,6.1
1508,3,10,3,5,8.2
1509,3,10,3,6,8.3
1510,3,10,4,2,3.6
1511,3,10,4,3,5.3
1512,3,10,4,4,7.8
1513,3,10,4,5,8.3
1514,3,10,4,6,9.5
1515,3,10,5,2,3.9
1516,3,10,5,3,6.1
1517,3,10,5,4,7.2
1518,3,10,5,5,9.3
1519,3,10,5,6,9.4
1520,3,10,6,2,4.4
1521,3,10,6,3,6.6
1522,3,10,6,4,8.3
1523,3,10,6,5,9.0
1524,3,10,6,6,9.8
1525,3,10,7,2,4.0
1526,3,10,7,3,6.9
1527,3,10,7,4,8.3
1528,3,10,7,5,8.9
1529,3,10,7,6,9.7
1530,3,30,2,2,2.7
1531,3,30,2,3,4.2
1532,3,30,2,4,5.6
1533,3,30,2,5,7.2
1534,3,30,2,6,8.8
1535,3,30,3,2,3.0
1536,3,30,3,3,4.7
1537,3,30,3,4,6.8
1538,3,30,3,5,8.0
1539,3,30,3,6,11.0
1540,3,30,4,2,3.4
1541,3,30,4,3,5.7
1542,3,30,4,4,7.6
1543,3,30,4,5,9.5
1544,3,30,4,6,12.4
1545,3,30,5,2,3.5
1546,3,30,5,3,6.5
1547,3,30,5,4,8.2
1548,3,30,5,5,11.8
1549,3,30,5,6,12.6
1550,3,30,6,2,4.0
1551,3,30,6,3,5.7
1552,3,30,6,4,9.9
1553,3,30,6,5,11.9
1554,3,30,6,6,13.5
1555,3,30,7,2,4.1
1556,3,30,7,3,6.8
1557,3,30,7,4,8.4
1558,3,30,7,5,12.3
1559,3,30,7,6,14.9
1560,3,50,2,2,3.0
1561,3,50,2,3,4.4
1562,3,50,2,4,5.5
1563,3,50,2,5,7.4
1564,3,50,2,6,8.9
1565,3,50,3,2,3.2
1566,3,50,3,3,5.1
1567,3,50,3,4,6.6
1568,3,50,3,5,9.0
1569,3,50,3,6,10.4
1570,3,50,4,2,3.4
1571,3,50,4,3,5.8
1572,3,50,4,4,7.3
1573,3,50,4,5,9.9
1574,3,50,4,6,11.5
1575,3,50,5,2,3.7
1576,3,50,5,3,5.9
1577,3,50,5,4,8.3
1578,3,50,5,5,10.7
1579,3,50,5,6,13.0
1580,3,50,6,2,4.0
1581,3,50,6,3,6.7
1582,3,50,6,4,9.3
1583,3,50,6,5,10.9
1584,3,50,6,6,14.5
1585,3,50,7,2,4.0
1586,3,50,7,3,7.1
1587,3,50,7,4,10.1
1588,3,50,7,5,12.4
1589,3,50,7,6,14.8
1590,3,70,2,2,2.6
1591,3,70,2,3,4.2
1592,3,70,2,4,6.0
1593,3,70,2,5,7.3
1594,3,70,2,6,8.9
1595,3,70,3,2,3.0
1596,3,70,3,3,4.8
1597,3,70,3,4,7.0
1598,3,70,3,5,8.4
1599,3,70,3,6,10.1
1600,3,70,4,2,3.2
1601,3,70,4,3,5.7
1602,3,70,4,4,8.0
1603,3,70,4,5,9.6
1604,3,70,4,6,11.9
1605,3,70,5,2,3.5
1606,3,70,5,3,6.6
1607,3,70,5,4,8.8
1608,3,70,5,5,11.1
1609,3,70,5,6,13.6
1610,3,70,6,2,3.8
1611,3,70,6,3,7.2
1612,3,70,6,4,9.0
1613,3,70,6,5,11.3
1614,3,70,6,6,13.8
1615,3,70,7,2,4.3
1616,3,70,7,3,7.1
1617,3,70,7,4,9.7
1618,3,70,7,5,12.0
1619,3,70,7,6,14.1
1620,3,90,2,2,2.6
1621,3,90,2,3,3.9
1622,3,90,2,4,5.6
1623,3,90,2,5,7.4
1624,3,90,2,6,8.4
1625,3,90,3,2,3.0
1626,3,90,3,3,5.0
1627,3,90,3,4,7.2
1628,3,90,3,5,9.1
1629,3,90,3,6,10.0
1630,3,90,4,2,3.2
1631,3,90,4,3,5.7
1632,3,90,4,4,8.2
1633,3,90,4,5,9.5
1634,3,90,4,6,11.2
1635,3,90,5,2,3.8
1636,3,90,5,3,6.4
1637,3,90,5,4,9.1
1638,3,90,5,5,10.4
1639,3,90,5,6,12.7
1640,3,90,6,2,3.9
1641,3,90,6,3,6.5
1642,3,90,6,4,9.1
1643,3,90,6,5,10.7
1644,3,90,6,6,14.1
1645,3,90,7,2,4.2
1646,3,90,7,3,7.1
1647,3,90,7,4,9.3
1648,3,90,7,5,12.2
1649,3,90,7,6,14.8
1650,3,110,2,2,2.6
1651,3,110,2,3,4.5
1652,3,110,2,4,5.6
1653,3,110,2,5,7.7
1654,3,110,2,6,8.6
1655,3,110,3,2,3.0
1656,3,110,3,3,5.5
1657,3,110,3,4,6.7
1658,3,110,3,5,9.2
1659,3,110,3,6,10.7
1660,3,110,4,2,3.6
1661,3,110,4,3,5.8
1662,3,110,4,4,7.8
1663,3,110,4,5,9.9
1664,3,110,4,6,12.2
1665,3,110,5,2,3.7
1666,3,110,5,3,6.0
1667,3,110,5,4,8.2
1668,3,110,5,5,11.0
1669,3,110,5,6,12.9
1670,3,110,6,2,3.7
1671,3,110,6,3,6.9
1672,3,110,6,4,8.8
1673,3,110,6,5,11.7
1674,3,110,6,6,13.9
1675,3,110,7,2,4.6
1676,3,110,7,3,6.8
1677,3,110,7,4,10.0
1678,3,110,7,5,12.6
1679,3,110,7,6,14.1
1680,3,130,2,2,2.8
1681,3,130,2,3,4.1
1682,3,130,2,4,5.9
1683,3,130,2,5,7.3
1684,3,130,2,6,9.0
1685,3,130,3,2,2.9
1686,3,130,3,3,4.9
1687,3,130,3,4,7.1
1688,3,130,3,5,8.9
1689,3,130,3,6,11.1
1690,3,130,4,2,3.5
1691,3,130,4,3,5.1
1692,3,130,4,4,7.4
1693,3,130,4,5,9.5
1694,3,130,4,6,11.4
1695,3,130,5,2,3.6
1696,3,130,5,3,6.0
1697,3,130,5,4,8.3
1698,3,130,5,5,11.1
1699,3,130,5,6,12.9
1700,3,130,6,2,3.9
1701,3,130,6,3,6.5
1702,3,130,6,4,8.9
1703,3,130,6,5,11.0
1704,3,130,6,6,13.7
1705,3,130,7,2,4.2
1706,3,130,7,3,6.4
1707,3,130,7,4,9.7
1708,3,130,7,5,12.7
1709,3,130,7,6,15.3
1710,3,150,2,2,2.8
1711,3,150,2,3,4.0
1712,3,150,2,4,5.7
1713,3,150,2,5,7.2
1714,3,150,2,6,8.8
1715,3,150,3,2,3.1
1716,3,150,3,3,4.9
1717,3,150,3,4,6.8
1718,3,150,3,5,8.9
1719,3,150,3,6,10.4
1720,3,150,4,2,3.7
1721,3,150,4,3,5.6
1722,3,150,4,4,7.9
1723,3,150,4,5,10.0
1724,3,150,4,6,11.2
1725,3,150,5,2,4.1
1726,3,150,5,3,6.5
1727,3,150,5,4,7.5
1728,3,150,5,5,11.4
1729,3,150,5,6,13.0
1730,3,150,6,2,4.2
1731,3,150,6,3,6.6
1732,3,150,6,4,8.4
1733,3,150,6,5,12.1
1734,3,150,6,6,13.6
1735,3,150,7,2,3.9
1736,3,150,7,3,7.1
1737,3,150,7,4,10.1
1738,3,150,7,5,11.8
1739,3,150,7,6,15.3
1740,3,170,2,2,2.7
1741,3,170,2,3,4.4
1742,3,170,2,4,5.7
1743,3,170,2,5,7.2
1744,3,170,2,6,8.7
1745,3,170,3,2,2.7
1746,3,170,3,3,5.1
1747,3,170,3,4,6.5
1748,3,170,3,5,8.7
1749,3,170,3,6,11.0
1750,3,170,4,2,3.6
1751,3,170,4,3,5.5
1752,3,170,4,4,7.6
1753,3,170,4,5,9.9
1754,3,170,4,6,11.8
1755,3,170,5,2,3.4
1756,3,170,5,3,6.3
1757,3,170,5,4,8.5
1758,3,170,5,5,11.3
1759,3,170,5,6,13.0
1760,3,170,6,2,3.6
1761,3,170,6,3,6.9
1762,3,170,6,4,8.9
1763,3,170,6,5,11.6
1764,3,170,6,6,13.9
1765,3,170,7,2,3.9
1766,3,170,7,3,6.2
1767,3,170,7,4,9.3
1768,3,170,7,5,12.0
1769,3,170,7,6,15.3
1770,3,190,2,2,2.8
1771,3,190,2,3,4.4
1772,3,190,2,4,5.6
1773,3,190,2,5,7.1
1774,3,190,2,6,8.5
1775,3,190,3,2,2.9
1776,3,190,3,3,4.7
1777,3,190,3,4,6.7
1778,3,190,3,5,8.2
1779,3,190,3,6,9.8
1780,3,190,4,2,3.5
1781,3,190,4,3,5.2
1782,3,190,4,4,8.4
1783,3,190,4,5,9.9
1784,3,190,4,6,12.2
1785,3,190,5,2,4.1
1786,3,190,5,3,6.6
1787,3,190,5,4,8.4
1788,3,190,5,5,11.0
1789,3,190,5,6,13.0
1790,3,190,6,2,4.0
1791,3,190,6,3,6.5
1792,3,190,6,4,9.1
1793,3,190,6,5,11.4
1794,3,190,6,6,13.5
1795,3,190,7,2,4.3
1796,3,190,7,3,7.2
1797,3,190,7,4,9.5
1798,3,190,7,5,12.1
1799,3,190,7,6,14.9
1800,3,210,2,2,2.8
1801,3,210,2,3,4.3
1802,3,210,2,4,5.8
1803,3,210,2,5,7.0
1804,3,210,2,6,8.2
1805,3,210,3,2,3.0
1806,3,210,3,3,5.0
1807,3,210,3,4,6.6
1808,3,210,3,5,8.8
1809,3,210,3,6,10.5
1810,3,210,4,2,3.2
1811,3,210,4,3,5.5
1812,3,210,4,4,7.5
1813,3,210,4,5,9.7
1814,3,210,4,6,12.1
1815,3,210,5,2,3.6
1816,3,210,5,3,6.2
1817,3,210,5,4,7.7
1818,3,210,5,5,10.4
1819,3,210,5,6,13.7
1820,3,210,6,2,4.2
1821,3,210,6,3,6.3
1822,3,210,6,4,8.6
1823,3,210,6,5,11.6
1824,3,210,6,6,14.1
1825,3,210,7,2,4.1
1826,3,210,7,3,6.8
1827,3,210,7,4,10.1
1828,3,210,7,5,12.1
1829,3,210,7,6,14.8
1830,3,230,2,2,2.9
1831,3,230,2,3,4.4
1832,3,230,2,4,6.1
1833,3,230,2,5,7.5
1834,3,230,2,6,8.4
1835,3,230,3,2,3.0
1836,3,230,3,3,4.5
1837,3,230,3,4,7.2
1838,3,230,3,5,8.9
1839,3,230,3,6,10.5
1840,3,230,4,2,3.3
1841,3,230,4,3,5.9
1842,3,230,4,4,8.0
1843,3,230,4,5,9.8
1844,3,230,4,6,13.0
1845,3,230,5,2,3.6
1846,3,230,5,3,6.3
1847,3,230,5,4,8.8
1848,3,230,5,5,10.9
1849,3,230,5,6,12.7
1850,3,230,6,2,4.1
1851,3,230,6,3,6.9
1852,3,230,6,4,8.7
1853,3,230,6,5,12.0
1854,3,230,6,6,13.4
1855,3,230,7,2,4.1
1856,3,230,7,3,6.7
1857,3,230,7,4,9.5
1858,3,230,7,5,11.9
1859,3,230,7,6,14.6
1860,3,250,2,2,2.9
1861,3,250,2,3,3.8
1862,3,250,2,4,5.7
1863,3,250,2,5,7.0
1864,3,250,2,6,8.7
1865,3,250,3,2,3.0
1866,3,250,3,3,5.1
1867,3,250,3,4,7.4
1868,3,250,3,5,9.0
1869,3,250,3,6,10.4
1870,3,250,4,2,3.2
1871,3,250,4,3,5.7
1872,3,250,4,4,7.4
1873,3,250,4,5,9.9
1874,3,250,4,6,11.9
1875,3,250,5,2,3.5
1876,3,250,5,3,5.9
1877,3,250,5,4,8.8
1878,3,250,5,5,10.4
1879,3,250,5,6,12.8
1880,3,250,6,2,3.8
1881,3,250,6,3,6.6
1882,3,250,6,4,8.8
1883,3,250,6,5,12.1
1884,3,250,6,6,13.9
1885,3,250,7,2,4.3
1886,3,250,7,3,7.0
1887,3,250,7,4,9.4
1888,3,250,7,5,12.3
1889,3,250,7,6,14.8
1890,3,270,2,2,2.6
1891,3,270,2,3,4.3
1892,3,270,2,4,5.4
1893,3,270,2,5,7.7
1894,3,270,2,6,8.8
1895,3,270,3,2,3.4
1896,3,270,3,3,5.4
1897,3,270,3,4,6.9
1898,3,270,3,5,8.9
1899,3,270,3,6,10.6
1900,3,270,4,2,3.6
1901,3,270,4,3,5.6
1902,3,270,4,4,7.3
1903,3,270,4,5,9.3
1904,3,270,4,6,12.5
1905,3,270,5,2,3.8
1906,3,270,5,3,5.7
1907,3,270,5,4,8.0
1908,3,270,5,5,10.8
1909,3,270,5,6,13.0
1910,3,270,6,2,3.8
1911,3,270,6,3,6.7
1912,3,270,6,4,8.6
1913,3,270,6,5,11.7
1914,3,270,6,6,14.1
1915,3,270,7,2,4.5
1916,3,270,7,3,6.6
1917,3,270,7,4,9.1
1918,3,270,7,5,13.0
1919,3,270,7,6,15.4
1920,3,290,2,2,2.3
1921,3,290,2,3,3.7
1922,3,290,2,4,5.8
1923,3,290,2,5,7.6
1924,3,290,2,6,8.9
1925,3,290,3,2,3.0
1926,3,290,3,3,5.3
1927,3,290,3,4,7.1
1928,3,290,3,5,8.8
1929,3,290,3,6,10.6
1930,3,290,4,2,4.0
1931,3,290,4,3,5.1
1932,3,290,4,4,7.4
1933,3,290,4,5,9.5
1934,3,290,4,6,11.4
1935,3,290,5,2,3.8
1936,3,290,5,3,5.9
1937,3,290,5,4,8.9
1938,3,290,5,5,11.1
1939,3,290,5,6,12.6
1940,3,290,6,2,4.1
1941,3,290,6,3,6.8
1942,3,290,6,4,9.4
1943,3,290,6,5,11.6
1944,3,290,6,6,14.0
1945,3,290,7,2,4.2
1946,3,290,7,3,6.7
1947,3,290,7,4,9.2
1948,3,290,7,5,12.4
1949,3,290,7,6,15.7
1950,3,310,2,2,2.7
1951,3,310,2,3,4.1
1952,3,310,2,4,5.9
1953,3,310,2,5,6.9
1954,3,310,2,6,8.7
1955,3,310,3,2,3.5
1956,3,310,3,3,5.0
1957,3,310,3,4,6.5
1958,3,310,3,5,9.0
1959,3,310,3,6,10.0
1960,3,310,4,2,3.4
1961,3,310,4,3,5.7
1962,3,310,4,4,7.6
1963,3,310,4,5,9.1
1964,3,310,4,6,11.3
1965,3,310,5,2,4.0
1966,3,310,5,3,5.9
1967,3,310,5,4,8.7
1968,3,310,5,5,10.4
1969,3,310,5,6,13.4
1970,3,310,6,2,4.0
1971,3,310,6,3,6.8
1972,3,310,6,4,8.9
1973,3,310,6,5,11.5
1974,3,310,6,6,13.5
1975,3,310,7,2,4.2
1976,3,310,7,3,7.2
1977,3,310,7,4,9.2
1978,3,310,7,5,12.3
1979,3,310,7,6,14.3
1980,3,330,2,2,2.8
1981,3,330,2,3,4.4
1982,3,330,2,4,5.7
1983,3,330,2,5,7.2
1984,3,330,2,6,8.6
1985,3,330,3,2,2.9
1986,3,330,3,3,4.9
1987,3,330,3,4,7.6
1988,3,330,3,5,8.2
1989,3,330,3,6,10.5
1990,3,330,4,2,3.7
1991,3,330,4,3,5.4
1992,3,330,4,4,8.0
1993,3,330,4,5,9.4
1994,3,330,4,6,11.7
1995,3,330,5,2,3.9
1996,3,330,5,3,6.0
1997,3,330,5,4,8.4
1998,3,330,5,5,11.7
1999,3,330,5,6,12.9
2000,3,330,6,2,4.0
2001,3,330,6,3,7.1
2002,3,330,6,4,8.7
2003,3,330,6,5,11.6
2004,3,330,6,6,14.1
2005,3,330,7,2,4.7
2006,3,330,7,3,7.3
2007,3,330,7,4,9.1
2008,3,330,7,5,11.6
2009,3,330,7,6,15.1
2010,3,350,2,2,2.8
2011,3,350,2,3,4.2
2012,3,350,2,4,5.9
2013,3,350,2,5,7.5
2014,3,350,2,6,8.5
2015,3,350,3,2,2.9
2016,3,350,3,3,5.2
2017,3,350,3,4,6.8
2018,3,350,3,5,8.7
2019,3,350,3,6,10.6
2020,3,350,4,2,3.5
2021,3,350,4,3,6.2
2022,3,350,4,4,7.3
2023,3,350,4,5,10.3
2024,3,350,4,6,11.9
2025,3,350,5,2,4.1
2026,3,350,5,3,6.6
2027,3,350,5,4,8.3
2028,3,350,5,5,11.1
2029,3,350,5,6,13.3
2030,3,350,6,2,4.0
2031,3,350,6,3,6.7
2032,3,350,6,4,9.5
2033,3,350,6,5,11.1
2034,3,350,6,6,14.4
2035,3,350,7,2,4.1
2036,3,350,7,3,6.5
2037,3,350,7,4,9.7
2038,3,350,7,5,10.9
2039,3,350,7,6,14.6
2040,3,370,2,2,2.8
2041,3,370,2,3,4.1
2042,3,370,2,4,5.7
2043,3,370,2,5,7.1
2044,3,370,2,6,8.8
2045,3,370,3,2,3.1
2046,3,370,3,3,5.2
2047,3,370,3,4,6.9
2048,3,370,3,5,8.5
2049,3,370,3,6,10.2
2050,3,370,4,2,3.6
2051,3,370,4,3,6.0
2052,3,370,4,4,7.6
2053,3,370,4,5,10.0
2054,3,370,4,6,12.2
2055,3,370,5,2,3.3
2056,3,370,5,3,5.6
2057,3,370,5,4,8.7
2058,3,370,5,5,10.5
2059,3,370,5,6,13.1
2060,3,370,6,2,4.0
2061,3,370,6,3,6.3
2062,3,370,6,4,8.8
2063,3,370,6,5,11.5
2064,3,370,6,6,13.1
2065,3,370,7,2,3.9
2066,3,370,7,3,6.6
2067,3,370,7,4,8.8
2068,3,370,7,5,11.9
2069,3,370,7,6,15.3
2070,3,390,2,2,2.7
2071,3,390,2,3,4.2
2072,3,390,2,4,5.6
2073,3,390,2,5,7.2
2074,3,390,2,6,8.8
2075,3,390,3,2,3.2
2076,3,390,3,3,5.3
2077,3,390,3,4,7.2
2078,3,390,3,5,8.5
2079,3,390,3,6,10.4
2080,3,390,4,2,3.6
2081,3,390,4,3,6.1
2082,3,390,4,4,7.8
2083,3,390,4,5,9.5
2084,3,390,4,6,11.6
2085,3,390,5,2,3.6
2086,3,390,5,3,6.2
2087,3,390,5,4,8.2
2088,3,390,5,5,10.3
2089,3,390,5,6,12.8
2090,3,390,6,2,4.1
2091,3,390,6,3,7.0
2092,3,390,6,4,8.9
2093,3,390,6,5,10.8
2094,3,390,6,6,14.5
2095,3,390,7,2,4.6
2096,3,390,7,3,6.7
2097,3,390,7,4,9.8
2098,3,390,7,5,11.9
2099,3,390,7,6,15.7
2100,3,410,2,2,2.6
2101,3,410,2,3,4.2
2102,3,410,2,4,5.7
2103,3,410,2,5,7.5
2104,3,410,2,6,8.7
2105,3,410,3,2,3.2
2106,3,410,3,3,5.0
2107,3,410,3,4,7.0
2108,3,410,3,5,8.7
2109,3,410,3,6,10.9
2110,3,410,4,2,3.4
2111,3,410,4,3,6.1
2112,3,410,4,4,7.0
2113,3,410,4,5,9.9
2114,3,410,4,6,12.0
2115,3,410,5,2,3.8
2116,3,410,5,3,6.1
2117,3,410,5,4,8.6
2118,3,410,5,5,10.3
2119,3,410,5,6,13.3
2120,3,410,6,2,4.0
2121,3,410,6,3,6.2
2122,3,410,6,4,8.7
2123,3,410,6,5,12.1
2124,3,410,6,6,13.7
2125,3,410,7,2,4.1
2126,3,410,7,3,7.0
2127,3,410,7,4,9.7
2128,3,410,7,5,12.3
2129,3,410,7,6,14.9
2130,3,430,2,2,2.4
2131,3,430,2,3,4.3
2132,3,430,2,4,5.5
2133,3,430,2,5,7.3
2134,3,430,2,6,8.7
2135,3,430,3,2,3.3
2136,3,430,3,3,4.8
2137,3,430,3,4,6.8
2138,3,430,3,5,9.2
2139,3,430,3,6,10.4
2140,3,430,4,2,3.1
2141,3,430,4,3,5.5
2142,3,430,4,4,7.3
2143,3,430,4,5,9.5
2144,3,430,4,6,12.8
2145,3,430,5,2,3.9
2146,3,430,5,3,6.5
2147,3,430,5,4,8.5
2148,3,430,5,5,11.2
2149,3,430,5,6,13.5
2150,3,430,6,2,3.8
2151,3,430,6,3,6.6
2152,3,430,6,4,9.4
2153,3,430,6,5,11.7
2154,3,430,6,6,13.5
2155,3,430,7,2,4.4
2156,3,430,7,3,7.6
2157,3,430,7,4,9.3
2158,3,430,7,5,12.6
2159,3,430,7,6,13.9
2160,3,450,2,2,2.5
2161,3,450,2,3,4.1
2162,3,450,2,4,5.7
2163,3,450,2,5,7.0
2164,3,450,2,6,8.8
2165,3,450,3,2,3.0
2166,3,450,3,3,4.9
2167,3,450,3,4,6.7
2168,3,450,3,5,8.8
2169,3,450,3,6,11.7
2170,3,450,4,2,3.0
2171,3,450,4,3,5.0
2172,3,450,4,4,7.8
2173,3,450,4,5,9.1
2174,3,450,4,6,12.5
2175,3,450,5,2,3.4
2176,3,450,5,3,6.2
2177,3,450,5,4,8.6
2178,3,450,5,5,10.5
2179,3,450,5,6,12.7
2180,3,450,6,2,4.2
2181,3,450,6,3,6.5
2182,3,450,6,4,9.5
2183,3,450,6,5,11.3
2184,3,450,6,6,14.7
2185,3,450,7,2,4.0
2186,3,450,7,3,7.5
2187,3,450,7,4,9.1
2188,3,450,7,5,11.7
2189,3,450,7,6,15.0
2190,3,470,2,2,2.7
2191,3,470,2,3,4.0
2192,3,470,2,4,5.9
2193,3,470,2,5,7.4
2194,3,470,2,6,7.7
2195,3,470,3,2,3.1
2196,3,470,3,3,5.1
2197,3,470,3,4,6.7
2198,3,470,3,5,9.3
2199,3,470,3,6,9.8
2200,3,470,4,2,3.3
2201,3,470,4,3,5.3
2202,3,470,4,4,7.3
2203,3,470,4,5,9.7
2204,3,470,4,6,11.4
2205,3,470,5,2,4.2
2206,3,470,5,3,6.4
2207,3,470,5,4,9.0
2208,3,470,5,5,10.1
2209,3,470,5,6,12.2
2210,3,470,6,2,4.0
2211,3,470,6,3,6.5
2212,3,470,6,4,9.0
2213,3,470,6,5,11.6
2214,3,470,6,6,13.7
2215,3,470,7,2,4.5
2216,3,470,7,3,6.7
2217,3,470,7,4,9.4
2218,3,470,7,5,12.4
2219,3,470,7,6,14.3
2220,3,490,2,2,2.4
2221,3,490,2,3,3.9
2222,3,490,2,4,5.5
2223,3,490,2,5,7.2
2224,3,490,2,6,8.4
2225,3,490,3,2,3.2
2226,3,490,3,3,5.1
2227,3,490,3,4,6.6
2228,3,490,3,5,9.2
2229,3,490,3,6,10.4
2230,3,490,4,2,3.3
2231,3,490,4,3,5.7
2232,3,490,4,4,7.4
2233,3,490,4,5,9.4
2234,3,490,4,6,11.9
2235,3,490,5,2,3.3
2236,3,490,5,3,5.9
2237,3,490,5,4,8.8
2238,3,490,5,5,10.7
2239,3,490,5,6,13.1
2240,3,490,6,2,4.1
2241,3,490,6,3,6.2
2242,3,490,6,4,9.6
2243,3,490,6,5,10.9
2244,3,490,6,6,13.7
2245,3,490,7,2,4.2
2246,3,490,7,3,6.9
2247,3,490,7,4,8.8
2248,3,490,7,5,11.6
2249,3,490,7,6,15.1
2250,4,10,2,2,2.0
2251,4,10,2,3,3.0
2252,4,10,2,4,4.2
2253,4,10,2,5,5.5
2254,4,10,2,6,6.6
2255,4,10,3,2,2.0
2256,4,10,3,3,3.5
2257,4,10,3,4,4.8
2258,4,10,3,5,5.9
2259,4,10,3,6,7.7
2260,4,10,4,2,2.1
2261,4,10,4,3,4.0
2262,4,10,4,4,5.6
2263,4,10,4,5,7.2
2264,4,10,4,6,7.7
2265,4,10,5,2,2.5
2266,4,10,5,3,4.3
2267,4,10,5,4,5.7
2268,4,10,5,5,7.6
2269,4,10,5,6,8.9
2270,4,10,6,2,2.7
2271,4,10,6,3,4.4
2272,4,10,6,4,6.3
2273,4,10,6,5,7.8
2274,4,10,6,6,9.1
2275,4,10,7,2,2.9
2276,4,10,7,3,4.6
2277,4,10,7,4,6.8
2278,4,10,7,5,8.1
2279,4,10,7,6,9.6
2280,4,30,2,2,2.0
2281,4,30,2,3,3.1
2282,4,30,2,4,4.4
2283,4,30,2,5,5.5
2284,4,30,2,6,6.5
2285,4,30,3,2,2.2
2286,4,30,3,3,3.6
2287,4,30,3,4,5.3
2288,4,30,3,5,6.3
2289,4,30,3,6,7.5
2290,4,30,4,2,2.4
2291,4,30,4,3,4.0
2292,4,30,4,4,5.6
2293,4,30,4,5,6.9
2294,4,30,4,6,8.1
2295,4,30,5,2,2.8
2296,4,30,5,3,4.2
2297,4,30,5,4,5.9
2298,4,30,5,5,7.5
2299,4,30,5,6,8.7
2300,4,30,6,2,2.7
2301,4,30,6,3,4.3
2302,4,30,6,4,6.4
2303,4,30,6,5,7.8
2304,4,30,6,6,9.6
2305,4,30,7,2,2.9
2306,4,30,7,3,4.6
2307,4,30,7,4,6.3
2308,4,30,7,5,8.2
2309,4,30,7,6,10.3
2310,4,50,2,2,4.0
2311,4,50,2,3,4.3
2312,4,50,2,4,5.3
2313,4,50,2,5,6.2
2314,4,50,2,6,7.6
2315,4,50,3,2,3.8
2316,4,50,3,3,4.7
2317,4,50,3,4,5.6
2318,4,50,3,5,7.2
2319,4,50,3,6,8.3
2320,4,50,4,2,3.6
2321,4,50,4,3,4.6
2322,4,50,4,4,6.1
2323,4,50,4,5,7.3
2324,4,50,4,6,8.9
2325,4,50,5,2,3.8
2326,4,50,5,3,5.5
2327,4,50,5,4,7.1
2328,4,50,5,5,8.7
2329,4,50,5,6,10.1
2330,4,50,6,2,4.0
2331,4,50,6,3,6.0
2332,4,50,6,4,6.9
2333,4,50,6,5,8.9
2334,4,50,6,6,10.7
2335,4,50,7,2,4.2
2336,4,50,7,3,5.9
2337,4,50,7,4,7.3
2338,4,50,7,5,9.2
2339,4,50,7,6,10.7
2340,4,70,2,2,7.6
2341,4,70,2,3,9.6
2342,4,70,2,4,9.0
2343,4,70,2,5,9.0
2344,4,70,2,6,10.1
2345,4,70,3,2,8.5
2346,4,70,3,3,8.1
2347,4,70,3,4,9.3
2348,4,70,3,5,10.6
2349,4,70,3,6,10.8
2350,4,70,4,2,8.1
2351,4,70,4,3,9.4
2352,4,70,4,4,10.0
2353,4,70,4,5,11.0
2354,4,70,4,6,11.5
2355,4,70,5,2,8.7
2356,4,70,5,3,8.5
2357,4,70,5,4,9.5
2358,4,70,5,5,10.1
2359,4,70,5,6,12.0
2360,4,70,6,2,7.6
2361,4,70,6,3,8.0
2362,4,70,6,4,9.6
2363,4,70,6,5,11.2
2364,4,70,6,6,12.7
2365,4,70,7,2,8.2
2366,4,70,7,3,8.9
2367,4,70,7,4,9.5
2368,4,70,7,5,11.3
2369,4,70,7,6,13.1
2370,4,90,2,2,14.6
2371,4,90,2,3,14.5
2372,4,90,2,4,14.2
2373,4,90,2,5,14.5
2374,4,90,2,6,14.2
2375,4,90,3,2,14.4
2376,4,90,3,3,13.2
2377,4,90,3,4,14.4
2378,4,90,3,5,14.3
2379,4,90,3,6,14.7
2380,4,90,4,2,13.7
2381,4,90,4,3,13.3
2382,4,90,4,4,14.5
2383,4,90,4,5,14.7
2384,4,90,4,6,15.5
2385,4,90,5,2,13.6
2386,4,90,5,3,14.2
2387,4,90,5,4,13.2
2388,4,90,5,5,14.2
2389,4,90,5,6,16.0
2390,4,90,6,2,13.9
2391,4,90,6,3,14.2
2392,4,90,6,4,13.7
2393,4,90,6,5,14.9
2394,4,90,6,6,16.3
2395,4,90,7,2,14.4
2396,4,90,7,3,13.7
2397,4,90,7,4,14.9
2398,4,90,7,5,15.0
2399,4,90,7,6,15.5
2400,4,110,2,2,21.1
2401,4,110,2,3,20.8
2402,4,110,2,4,19.9
2403,4,110,2,5,21.2
2404,4,110,2,6,20.4
2405,4,110,3,2,19.3
2406,4,110,3,3,20.9
2407,4,110,3,4,19.3
2408,4,110,3,5,21.0
2409,4,110,3,6,20.5
2410,4,110,4,2,20.6
2411,4,110,4,3,21.0
2412,4,110,4,4,20.8
2413,4,110,4,5,21.4
2414,4,110,4,6,20.5
2415,4,110,5,2,20.7
2416,4,110,5,3,20.5
2417,4,110,5,4,19.7
2418,4,110,5,5,21.0
2419,4,110,5,6,22.2
2420,4,110,6,2,19.5
2421,4,110,6,3,20.7
2422,4,110,6,4,20.5
2423,4,110,6,5,20.0
2424,4,110,6,6,20.2
2425,4,110,7,2,21.3
2426,4,110,7,3,20.6
2427,4,110,7,4,21.2
2428,4,110,7,5,21.1
2429,4,110,7,6,20.8
2430,4,130,2,2,26.3
2431,4,130,2,3,25.9
2432,4,130,2,4,26.4
2433,4,130,2,5,27.8
2434,4,130,2,6,27.7
2435,4,130,3,2,27.3
2436,4,130,3,3,28.8
2437,4,130,3,4,26.7
2438,4,130,3,5,28.0
2439,4,130,3,6,27.3
2440,4,130,4,2,26.5
2441,4,130,4,3,27.1
2442,4,130,4,4,26.5
2443,4,130,4,5,27.4
2444,4,130,4,6,27.5
2445,4,130,5,2,26.9
2446,4,130,5,3,26.8
2447,4,130,5,4,27.7
2448,4,130,5,5,28.0
2449,4,130,5,6,27.4
2450,4,130,6,2,26.2
2451,4,130,6,3,26.0
2452,4,130,6,4,27.9
2453,4,130,6,5,27.1
2454,4,130,6,6,26.9
2455,4,130,7,2,25.8
2456,4,130,7,3,27.0
2457,4,130,7,4,27.5
2458,4,130,7,5,26.3
2459,4,130,7,6,27.4
2460,4,150,2,2,34.1
2461,4,150,2,3,33.5
2462,4,150,2,4,35.0
2463,4,150,2,5,34.2
2464,4,150,2,6,35.2
2465,4,150,3,2,33.7
2466,4,150,3,3,33.7
2467,4,150,3,4,32.8
2468,4,150,3,5,33.7
2469,4,150,3,6,35.0
2470,4,150,4,2,33.4
2471,4,150,4,3,33.8
2472,4,150,4,4,35.2
2473,4,150,4,5,33.2
2474,4,150,4,6,33.8
2475,4,150,5,2,34.5
2476,4,150,5,3,33.9
2477,4,150,5,4,33.2
2478,4,150,5,5,33.5
2479,4,150,5,6,34.0
2480,4,150,6,2,33.6
2481,4,150,6,3,34.4
2482,4,150,6,4,33.2
2483,4,150,6,5,33.7
2484,4,150,6,6,33.3
2485,4,150,7,2,32.3
2486,4,150,7,3,34.3
2487,4,150,7,4,33.1
2488,4,150,7,5,34.0
2489,4,150,7,6,33.0
2490,4,170,2,2,40.9
2491,4,170,2,3,40.8
2492,4,170,2,4,40.3
2493,4,170,2,5,40.5
2494,4,170,2,6,41.2
2495,4,170,3,2,42.6
2496,4,170,3,3,40.5
2497,4,170,3,4,41.5
2498,4,170,3,5,41.1
2499,4,170,3,6,40.1
2500,4,170,4,2,41.5
2501,4,170,4,3,41.3
2502,4,170,4,4,39.6
2503,4,170,4,5,40.1
2504,4,170,4,6,41.6
2505,4,170,5,2,40.1
2506,4,170,5,3,42.0
2507,4,170,5,4,41.0
2508,4,170,5,5,41.8
2509,4,170,5,6,41.7
2510,4,170,6,2,41.2
2511,4,170,6,3,40.7
2512,4,170,6,4,42.1
2513,4,170,6,5,41.1
2514,4,170,6,6,39.6
2515,4,170,7,2,40.7
2516,4,170,7,3,41.1
2517,4,170,7,4,42.4
2518,4,170,7,5,41.2
2519,4,170,7,6,41.1
2520,4,190,2,2,48.7
2521,4,190,2,3,47.7
2522,4,190,2,4,48.5
2523,4,190,2,5,47.6
2524,4,190,2,6,47.7
2525,4,190,3,2,47.8
2526,4,190,3,3,48.5
2527,4,190,3,4,47.4
2528,4,190,3,5,48.3
2529,4,190,3,6,48.9
2530,4,190,4,2,47.9
2531,4,190,4,3,49.8
2532,4,190,4,4,48.1
2533,4,190,4,5,48.5
2534,4,190,4,6,48.9
2535,4,190,5,2,48.2
2536,4,190,5,3,49.3
2537,4,190,5,4,49.4
2538,4,190,5,5,48.5
2539,4,190,5,6,47.8
2540,4,190,6,2,49.5
2541,4,190,6,3,47.2
2542,4,190,6,4,48.9
2543,4,190,6,5,48.1
2544,4,190,6,6,49.5
2545,4,190,7,2,47.9
2546,4,190,7,3,47.3
2547,4,190,7,4,48.2
2548,4,190,7,5,50.4
2549,4,190,7,6,48.0
2550,4,210,2,2,56.5
2551,4,210,2,3,57.8
2552,4,210,2,4,56.5
2553,4,210,2,5,57.2
2554,4,210,2,6,53.9
2555,4,210,3,2,55.7
2556,4,210,3,3,55.7
2557,4,210,3,4,55.6
2558,4,210,3,5,55.8
2559,4,210,3,6,55.3
2560,4,210,4,2,56.5
2561,4,210,4,3,55.8
2562,4,210,4,4,56.2
2563,4,210,4,5,54.5
2564,4,210,4,6,55.4
2565,4,210,5,2,55.8
2566,4,210,5,3,55.5
2567,4,210,5,4,55.4
2568,4,210,5,5,56.5
2569,4,210,5,6,54.0
2570,4,210,6,2,55.7
2571,4,210,6,3,55.5
2572,4,210,6,4,57.6
2573,4,210,6,5,54.9
2574,4,210,6,6,55.7
2575,4,210,7,2,57.1
2576,4,210,7,3,55.5
2577,4,210,7,4,56.8
2578,4,210,7,5,55.4
2579,4,210,7,6,57.5
2580,4,230,2,2,63.9
2581,4,230,2,3,65.0
2582,4,230,2,4,62.0
2583,4,230,2,5,63.8
2584,4,230,2,6,63.4
2585,4,230,3,2,63.8
2586,4,230,3,3,63.4
2587,4,230,3,4,63.5
2588,4,230,3,5,63.8
2589,4,230,3,6,62.6
2590,4,230,4,2,64.5
2591,4,230,4,3,63.0
2592,4,230,4,4,63.5
2593,4,230,4,5,63.4
2594,4,230,4,6,63.2
2595,4,230,5,2,62.1
2596,4,230,5,3,63.1
2597,4,230,5,4,64.0
2598,4,230,5,5,63.5
2599,4,230,5,6,64.8
2600,4,230,6,2,62.6
2601,4,230,6,3,63.6
2602,4,230,6,4,62.6
2603,4,230,6,5,62.4
2604,4,230,6,6,64.0
2605,4,230,7,2,64.3
2606,4,230,7,3,63.5
2607,4,230,7,4,64.0
2608,4,230,7,5,63.0
2609,4,230,7,6,65.0
2610,4,250,2,2,70.8
2611,4,250,2,3,70.9
2612,4,250,2,4,70.5
2613,4,250,2,5,69.2
2614,4,250,2,6,71.9
2615,4,250,3,2,70.8
2616,4,250,3,3,72.3
2617,4,250,3,4,71.6
2618,4,250,3,5,71.5
2619,4,250,3,6,70.1
2620,4,250,4,2,71.5
2621,4,250,4,3,68.8
2622,4,250,4,4,71.1
2623,4,250,4,5,72.4
2624,4,250,4,6,70.9
2625,4,250,5,2,72.0
2626,4,250,5,3,72.3
2627,4,250,5,4,71.8
2628,4,250,5,5,71.8
2629,4,250,5,6,70.6
2630,4,250,6,2,71.9
2631,4,250,6,3,72.0
2632,4,250,6,4,70.7
2633,4,250,6,5,70.4
2634,4,250,6,6,72.8
2635,4,250,7,2,74.4
2636,4,250,7,3,71.8
2637,4,250,7,4,71.4
2638,4,250,7,5,71.9
2639,4,250,7,6,69.3
2640,4,270,2,2,78.5
2641,4,270,2,3,79.9
2642,4,270,2,4,78.3
2643,4,270,2,5,79.5
2644,4,270,2,6,77.1
2645,4,270,3,2,76.1
2646,4,270,3,3,80.3
2647,4,270,3,4,79.7
2648,4,270,3,5,78.9
2649,4,270,3,6,80.7
2650,4,270,4,2,80.1
2651,4,270,4,3,78.5
2652,4,270,4,4,78.4
2653,4,270,4,5,80.0
2654,4,270,4,6,81.7
2655,4,270,5,2,78.9
2656,4,270,5,3,79.3
2657,4,270,5,4,78.7
2658,4,270,5,5,78.8
2659,4,270,5,6,77.8
2660,4,270,6,2,78.1
2661,4,270,6,3,81.4
2662,4,270,6,4,77.3
2663,4,270,6,5,79.5
2664,4,270,6,6,79.0
2665,4,270,7,2,80.3
2666,4,270,7,3,78.3
2667,4,270,7,4,77.8
2668,4,270,7,5,77.5
2669,4,270,7,6,79.5
2670,4,290,2,2,86.0
2671,4,290,2,3,87.0
2672,4,290,2,4,87.6
2673,4,290,2,5,86.5
2674,4,290,2,6,87.2
2675,4,290,3,2,87.5
2676,4,290,3,3,86.6
2677,4,290,3,4,88.6
2678,4,290,3,5,87.0
2679,4,290,3,6,88.1
2680,4,290,4,2,88.6
2681,4,290,4,3,84.4
2682,4,290,4,4,86.4
2683,4,290,4,5,85.9
2684,4,290,4,6,85.5
2685,4,290,5,2,87.0
2686,4,290,5,3,86.8
2687,4,290,5,4,84.9
2688,4,290,5,5,85.7
2689,4,290,5,6,88.0
2690,4,290,6,2,87.2
2691,4,290,6,3,85.1
2692,4,290,6,4,86.9
2693,4,290,6,5,87.5
2694,4,290,6,6,83.8
2695,4,290,7,2,87.0
2696,4,290,7,3,86.7
2697,4,290,7,4,87.6
2698,4,290,7,5,86.3
2699,4,290,7,6,87.5
2700,4,310,2,2,93.9
2701,4,310,2,3,94.2
2702,4,310,2,4,94.3
2703,4,310,2,5,95.9
2704,4,310,2,6,95.4
2705,4,310,3,2,92.7
2706,4,310,3,3,95.2
2707,4,310,3,4,96.1
2708,4,310,3,5,95.3
2709,4,310,3,6,94.0
2710,4,310,4,2,94.2
2711,4,310,4,3,93.3
2712,4,310,4,4,96.1
2713,4,310,4,5,95.4
2714,4,310,4,6,95.0
2715,4,310,5,2,94.4
2716,4,310,5,3,95.1
2717,4,310,5,4,94.3
2718,4,310,5,5,94.8
2719,4,310,5,6,95.9
2720,4,310,6,2,95.3
2721,4,310,6,3,96.5
2722,4,310,6,4,95.9
2723,4,310,6,5,93.9
2724,4,310,6,6,94.7
2725,4,310,7,2,94.2
2726,4,310,7,3,94.3
2727,4,310,7,4,93.9
2728,4,310,7,5,96.9
2729,4,310,7,6,94.3
2730,4,330,2,2,103.1
2731,4,330,2,3,103.2
2732,4,330,2,4,101.9
2733,4,330,2,5,102.9
2734,4,330,2,6,101.8
2735,4,330,3,2,102.0
2736,4,330,3,3,104.1
2737,4,330,3,4,102.6
2738,4,330,3,5,102.2
2739,4,330,3,6,103.8
2740,4,330,4,2,105.2
2741,4,330,4,3,103.2
2742,4,330,4,4,102.9
2743,4,330,4,5,102.6
2744,4,330,4,6,101.3
2745,4,330,5,2,102.9
2746,4,330,5,3,103.4
2747,4,330,5,4,103.5
2748,4,330,5,5,102.1
2749,4,330,5,6,102.3
2750,4,330,6,2,102.3
2751,4,330,6,3,103.7
2752,4,330,6,4,101.3
2753,4,330,6,5,100.9
2754,4,330,6,6,100.6
2755,4,330,7,2,103.5
2756,4,330,7,3,105.3
2757,4,330,7,4,103.1
2758,4,330,7,5,103.1
2759,4,330,7,6,101.9
2760,4,350,2,2,112.3
2761,4,350,2,3,110.8
2762,4,350,2,4,112.2
2763,4,350,2,5,110.4
2764,4,350,2,6,111.4
2765,4,350,3,2,109.8
2766,4,350,3,3,110.0
2767,4,350,3,4,112.4
2768,4,350,3,5,110.6
2769,4,350,3,6,109.8
2770,4,350,4,2,111.6
2771,4,350,4,3,111.4
2772,4,350,4,4,110.9
2773,4,350,4,5,109.7
2774,4,350,4,6,110.9
2775,4,350,5,2,110.9
2776,4,350,5,3,108.6
2777,4,350,5,4,109.0
2778,4,350,5,5,110.3
2779,4,350,5,6,110.3
2780,4,350,6,2,111.2
2781,4,350,6,3,109.5
2782,4,350,6,4,112.4
2783,4,350,6,5,110.4
2784,4,350,6,6,112.9
2785,4,350,7,2,113.5
2786,4,350,7,3,109.1
2787,4,350,7,4,110.0
2788,4,350,7,5,111.8
2789,4,350,7,6,108.1
2790,4,370,2,2,119.5
2791,4,370,2,3,116.6
2792,4,370,2,4,118.7
2793,4,370,2,5,119.1
2794,4,370,2,6,118.7
2795,4,370,3,2,118.9
2796,4,370,3,3,119.2
2797,4,370,3,4,119.2
2798,4,370,3,5,119.0
2799,4,370,3,6,119.7
2800,4,370,4,2,117.3
2801,4,370,4,3,119.2
2802,4,370,4,4,119.2
2803,4,370,4,5,119.8
2804,4,370,4,6,119.2
2805,4,370,5,2,118.9
2806,4,370,5,3,117.9
2807,4,370,5,4,119.1
2808,4,370,5,5,120.2
2809,4,370,5,6,120.8
2810,4,370,6,2,119.9
2811,4,370,6,3,119.3
2812,4,370,6,4,118.7
2813,4,370,6,5,119.8
2814,4,370,6,6,118.7
2815,4,370,7,2,117.8
2816,4,370,7,3,119.1
2817,4,370,7,4,119.6
2818,4,370,7,5,117.6
2819,4,370,7,6,122.0
2820,4,390,2,2,126.1
2821,4,390,2,3,127.1
2822,4,390,2,4,127.2
2823,4,390,2,5,126.5
2824,4,390,2,6,125.3
2825,4,390,3,2,125.7
2826,4,390,3,3,125.6
2827,4,390,3,4,128.3
2828,4,390,3,5,126.3
2829,4,390,3,6,128.2
2830,4,390,4,2,126.6
2831,4,390,4,3,128.8
2832,4,390,4,4,126.5
2833,4,390,4,5,128.5
2834,4,390,4,6,126.7
2835,4,390,5,2,129.9
2836,4,390,5,3,127.6
2837,4,390,5,4,130.4
2838,4,390,5,5,127.3
2839,4,390,5,6,126.3
2840,4,390,6,2,127.6
2841,4,390,6,3,127.5
2842,4,390,6,4,126.5
2843,4,390,6,5,128.1
2844,4,390,6,6,128.6
2845,4,390,7,2,128.0
2846,4,390,7,3,126.1
2847,4,390,7,4,131.2
2848,4,390,7,5,128.6
2849,4,390,7,6,128.7
0,4,410,2,2,140.5
1,4,410,2,3,133.0
2,4,410,2,4,135.0
3,4,410,2,5,139.0
4,4,410,2,6,135.0
5,4,410,3,2,134.0
6,4,410,3,3,138.5
7,4,410,3,4,134.5
8,4,410,3,5,138.0
9,4,410,3,6,131.5
10,4,410,4,2,132.0
11,4,410,4,3,135.5
12,4,410,4,4,135.0
13,4,410,4,5,135.5
14,4,410,4,6,137.5
15,4,410,5,2,135.5
16,4,410,5,3,133.5
17,4,410,5,4,134.0
18,4,410,5,5,140.0
19,4,410,5,6,135.0
20,4,410,6,2,141.0
21,4,410,6,3,140.5
22,4,410,6,4,129.5
23,4,410,6,5,132.0
24,4,410,6,6,134.5
25,4,410,7,2,135.5
26,4,410,7,3,137.0
27,4,410,7,4,133.0
28,4,410,7,5,138.0
29,4,410,7,6,133.5
30,4,430,2,2,142.5
31,4,430,2,3,138.0
32,4,430,2,4,148.0
33,4,430,2,5,140.0
34,4,430,2,6,146.0
35,4,430,3,2,144.0
36,4,430,3,3,141.0
37,4,430,3,4,143.0
38,4,430,3,5,144.5
39,4,430,3,6,146.0
40,4,430,4,2,150.0
41,4,430,4,3,143.0
42,4,430,4,4,139.0
43,4,430,4,5,143.5
44,4,430,4,6,140.0
45,4,430,5,2,148.5
46,4,430,5,3,139.5
47,4,430,5,4,142.5
48,4,430,5,5,147.0
49,4,430,5,6,145.5
50,4,430,6,2,144.5
51,4,430,6,3,146.0
52,4,430,6,4,140.5
53,4,430,6,5,143.0
54,4,430,6,6,141.0
55,4,430,7,2,140.5
56,4,430,7,3,143.5
57,4,430,7,4,144.5
58,4,430,7,5,142.5
59,4,430,7,6,150.5
60,4,450,2,2,147.0
61,4,450,2,3,149.5
62,4,450,2,4,155.0
63,4,450,2,5,153.0
64,4,450,2,6,153.0
65,4,450,3,2,161.5
66,4,450,3,3,151.5
67,4,450,3,4,152.0
68,4,450,3,5,146.5
69,4,450,3,6,158.0
70,4,450,4,2,163.5
71,4,450,4,3,156.5
72,4,450,4,4,154.5
73,4,450,4,5,154.5
74,4,450,4,6,147.0
75,4,450,5,2,152.0
76,4,450,5,3,153.0
77,4,450,5,4,147.5
78,4,450,5,5,158.5
79,4,450,5,6,155.0
80,4,450,6,2,145.5
81,4,450,6,3,149.5
82,4,450,6,4,148.5
83,4,450,6,5,155.5
84,4,450,6,6,152.5
85,4,450,7,2,151.0
86,4,450,7,3,151.5
87,4,450,7,4,155.0
88,4,450,7,5,152.0
89,4,450,7,6,150.0
90,4,470,2,2,161.5
91,4,470,2,3,158.0
92,4,470,2,4,159.5
93,4,470,2,5,159.5
94,4,470,2,6,167.0
95,4,470,3,2,156.0
96,4,470,3,3,164.0
97,4,470,3,4,159.0
98,4,470,3,5,154.5
99,4,470,3,6,159.5
100,4,470,4,2,158.0
101,4,470,4,3,159.0
102,4,470,4,4,162.0
103,4,470,4,5,166.0
104,4,470,4,6,160.0
105,4,470,5,2,160.0
106,4,470,5,3,158.0
107,4,470,5,4,157.5
108,4,470,5,5,164.0
109,4,470,5,6,155.5
110,4,470,6,2,162.0
111,4,470,6,3,160.0
112,4,470,6,4,152.5
113,4,470,6,5,163.0
114,4,470,6,6,161.5
115,4,470,7,2,165.0
116,4,470,7,3,162.5
117,4,470,7,4,161.5
118,4,470,7,5,163.5
119,4,470,7,6,161.5
120,4,490,2,2,170.0
121,4,490,2,3,171.5
122,4,490,2,4,171.0
123,4,490,2,5,171.5
124,4,490,2,6,171.0
125,4,490,3,2,173.5
126,4,490,3,3,172.5
127,4,490,3,4,172.5
128,4,490,3,5,166.5
129,4,490,3,6,164.5
130,4,490,4,2,166.5
131,4,490,4,3,161.0
132,4,490,4,4,171.0
133,4,490,4,5,171.0
134,4,490,4,6,164.5
135,4,490,5,2,169.0
136,4,490,5,3,172.5
137,4,490,5,4,166.0
138,4,490,5,5,169.5
139,4,490,5,6,167.5
140,4,490,6,2,171.0
141,4,490,6,3,165.0
142,4,490,6,4,169.5
143,4,490,6,5,172.0
144,4,490,6,6,171.5
145,4,490,7,2,170.5
146,4,490,7,3,174.0
147,4,490,7,4,168.5
148,4,490,7,5,166.0
149,4,490,7,6,171.0
0,5,10,2,2,2.4
1,5,10,2,3,3.3
2,5,10,2,4,4.3
3,5,10,2,5,5.4
4,5,10,2,6,6.3
5,5,10,3,2,2.0
6,5,10,3,3,3.4
7,5,10,3,4,5.0
8,5,10,3,5,6.5
9,5,10,3,6,7.3
10,5,10,4,2,2.2
11,5,10,4,3,3.9
12,5,10,4,4,5.1
13,5,10,4,5,6.9
14,5,10,4,6,7.8
15,5,10,5,2,2.1
16,5,10,5,3,4.0
17,5,10,5,4,5.4
18,5,10,5,5,7.3
19,5,10,5,6,8.8
20,5,10,6,2,2.4
21,5,10,6,3,4.2
22,5,10,6,4,6.4
23,5,10,6,5,8.0
24,5,10,6,6,8.9
25,5,10,7,2,2.8
26,5,10,7,3,4.9
27,5,10,7,4,6.4
28,5,10,7,5,8.6
29,5,10,7,6,9.3
30,5,30,2,2,2.0
31,5,30,2,3,3.0
32,5,30,2,4,4.1
33,5,30,2,5,5.5
34,5,30,2,6,7.1
35,5,30,3,2,2.0
36,5,30,3,3,3.5
37,5,30,3,4,4.9
38,5,30,3,5,5.9
39,5,30,3,6,7.3
40,5,30,4,2,2.2
41,5,30,4,3,3.9
42,5,30,4,4,4.9
43,5,30,4,5,6.4
44,5,30,4,6,7.7
45,5,30,5,2,2.3
46,5,30,5,3,3.8
47,5,30,5,4,5.4
48,5,30,5,5,7.2
49,5,30,5,6,8.8
50,5,30,6,2,2.2
51,5,30,6,3,4.1
52,5,30,6,4,5.5
53,5,30,6,5,7.4
54,5,30,6,6,8.8
55,5,30,7,2,2.4
56,5,30,7,3,4.4
57,5,30,7,4,6.3
58,5,30,7,5,8.0
59,5,30,7,6,9.6
60,5,50,2,2,2.4
61,5,50,2,3,3.3
62,5,50,2,4,4.1
63,5,50,2,5,5.4
64,5,50,2,6,6.7
65,5,50,3,2,2.4
66,5,50,3,3,3.4
67,5,50,3,4,4.9
68,5,50,3,5,5.8
69,5,50,3,6,7.0
70,5,50,4,2,2.1
71,5,50,4,3,3.9
72,5,50,4,4,4.9
73,5,50,4,5,6.3
74,5,50,4,6,7.7
75,5,50,5,2,2.7
76,5,50,5,3,3.9
77,5,50,5,4,5.3
78,5,50,5,5,7.0
79,5,50,5,6,8.9
80,5,50,6,2,2.5
81,5,50,6,3,4.0
82,5,50,6,4,6.0
83,5,50,6,5,8.1
84,5,50,6,6,9.3
85,5,50,7,2,2.9
86,5,50,7,3,4.6
87,5,50,7,4,6.5
88,5,50,7,5,8.9
89,5,50,7,6,10.8
90,5,70,2,2,5.7
91,5,70,2,3,5.9
92,5,70,2,4,5.8
93,5,70,2,5,7.1
94,5,70,2,6,7.9
95,5,70,3,2,5.2
96,5,70,3,3,6.4
97,5,70,3,4,6.2
98,5,70,3,5,7.5
99,5,70,3,6,8.5
100,5,70,4,2,5.8
101,5,70,4,3,5.7
102,5,70,4,4,7.0
103,5,70,4,5,7.4
104,5,70,4,6,8.6
105,5,70,5,2,5.1
106,5,70,5,3,5.9
107,5,70,5,4,7.0
108,5,70,5,5,8.1
109,5,70,5,6,9.7
110,5,70,6,2,5.7
111,5,70,6,3,6.2
112,5,70,6,4,7.2
113,5,70,6,5,8.4
114,5,70,6,6,9.7
115,5,70,7,2,5.8
116,5,70,7,3,7.0
117,5,70,7,4,7.2
118,5,70,7,5,8.6
119,5,70,7,6,10.7
120,5,90,2,2,9.5
121,5,90,2,3,10.6
122,5,90,2,4,9.5
123,5,90,2,5,10.5
124,5,90,2,6,11.0
125,5,90,3,2,10.7
126,5,90,3,3,10.2
127,5,90,3,4,10.1
128,5,90,3,5,11.8
129,5,90,3,6,12.5
130,5,90,4,2,10.0
131,5,90,4,3,10.4
132,5,90,4,4,11.4
133,5,90,4,5,10.5
134,5,90,4,6,11.9
135,5,90,5,2,9.6
136,5,90,5,3,10.6
137,5,90,5,4,10.9
138,5,90,5,5,11.5
139,5,90,5,6,11.9
140,5,90,6,2,10.0
141,5,90,6,3,10.2
142,5,90,6,4,10.8
143,5,90,6,5,11.8
144,5,90,6,6,12.4
145,5,90,7,2,9.8
146,5,90,7,3,10.6
147,5,90,7,4,11.3
148,5,90,7,5,11.8
149,5,90,7,6,13.5
150,5,110,2,2,15.9
151,5,110,2,3,15.7
152,5,110,2,4,14.9
153,5,110,2,5,15.6
154,5,110,2,6,16.2
155,5,110,3,2,16.8
156,5,110,3,3,14.2
157,5,110,3,4,15.5
158,5,110,3,5,16.4
159,5,110,3,6,16.5
160,5,110,4,2,16.8
161,5,110,4,3,13.8
162,5,110,4,4,15.3
163,5,110,4,5,16.1
164,5,110,4,6,18.0
165,5,110,5,2,15.4
166,5,110,5,3,15.5
167,5,110,5,4,15.5
168,5,110,5,5,15.6
169,5,110,5,6,16.7
170,5,110,6,2,16.2
171,5,110,6,3,14.6
172,5,110,6,4,15.6
173,5,110,6,5,15.4
174,5,110,6,6,15.9
175,5,110,7,2,16.3
176,5,110,7,3,14.9
177,5,110,7,4,15.3
178,5,110,7,5,16.6
179,5,110,7,6,16.3
180,5,130,2,2,21.1
181,5,130,2,3,21.8
182,5,130,2,4,21.2
183,5,130,2,5,22.6
184,5,130,2,6,20.3
185,5,130,3,2,21.7
186,5,130,3,3,23.1
187,5,130,3,4,22.1
188,5,130,3,5,22.1
189,5,130,3,6,21.8
190,5,130,4,2,22.3
191,5,130,4,3,22.1
192,5,130,4,4,21.7
193,5,130,4,5,21.3
194,5,130,4,6,21.5
195,5,130,5,2,21.4
196,5,130,5,3,21.0
197,5,130,5,4,22.7
198,5,130,5,5,21.3
199,5,130,5,6,22.7
200,5,130,6,2,21.2
201,5,130,6,3,22.0
202,5,130,6,4,22.8
203,5,130,6,5,23.0
204,5,130,6,6,21.2
205,5,130,7,2,20.4
206,5,130,7,3,22.0
207,5,130,7,4,21.7
208,5,130,7,5,22.4
209,5,130,7,6,22.4
210,5,150,2,2,27.7
211,5,150,2,3,28.3
212,5,150,2,4,27.8
213,5,150,2,5,29.0
214,5,150,2,6,28.3
215,5,150,3,2,28.6
216,5,150,3,3,27.2
217,5,150,3,4,26.6
218,5,150,3,5,27.8
219,5,150,3,6,27.2
220,5,150,4,2,28.5
221,5,150,4,3,26.9
222,5,150,4,4,28.1
223,5,150,4,5,28.2
224,5,150,4,6,27.4
225,5,150,5,2,27.5
226,5,150,5,3,29.2
227,5,150,5,4,27.8
228,5,150,5,5,29.2
229,5,150,5,6,27.2
230,5,150,6,2,28.4
231,5,150,6,3,28.1
232,5,150,6,4,28.0
233,5,150,6,5,27.6
234,5,150,6,6,28.4
235,5,150,7,2,26.9
236,5,150,7,3,27.0
237,5,150,7,4,27.4
238,5,150,7,5,28.8
239,5,150,7,6,26.8
240,5,170,2,2,34.8
241,5,170,2,3,33.9
242,5,170,2,4,34.5
243,5,170,2,5,34.2
244,5,170,2,6,35.3
245,5,170,3,2,36.0
246,5,170,3,3,35.3
247,5,170,3,4,35.2
248,5,170,3,5,34.9
249,5,170,3,6,34.7
250,5,170,4,2,33.0
251,5,170,4,3,36.4
252,5,170,4,4,33.7
253,5,170,4,5,34.7
254,5,170,4,6,33.8
255,5,170,5,2,36.2
256,5,170,5,3,34.3
257,5,170,5,4,34.5
258,5,170,5,5,35.2
259,5,170,5,6,35.7
260,5,170,6,2,34.0
261,5,170,6,3,33.7
262,5,170,6,4,35.2
263,5,170,6,5,33.6
264,5,170,6,6,34.7
265,5,170,7,2,33.5
266,5,170,7,3,35.5
267,5,170,7,4,34.2
268,5,170,7,5,34.7
269,5,170,7,6,34.9
270,5,190,2,2,42.4
271,5,190,2,3,39.7
272,5,190,2,4,43.2
273,5,190,2,5,42.1
274,5,190,2,6,42.7
275,5,190,3,2,40.9
276,5,190,3,3,42.1
277,5,190,3,4,40.6
278,5,190,3,5,40.0
279,5,190,3,6,39.9
280,5,190,4,2,41.1
281,5,190,4,3,41.1
282,5,190,4,4,40.4
283,5,190,4,5,41.8
284,5,190,4,6,40.4
285,5,190,5,2,41.5
286,5,190,5,3,41.3
287,5,190,5,4,41.5
288,5,190,5,5,42.3
289,5,190,5,6,42.0
290,5,190,6,2,39.6
291,5,190,6,3,41.1
292,5,190,6,4,42.4
293,5,190,6,5,40.9
294,5,190,6,6,42.8
295,5,190,7,2,41.9
296,5,190,7,3,41.8
297,5,190,7,4,42.5
298,5,190,7,5,39.9
299,5,190,7,6,41.4
300,5,210,2,2,47.1
301,5,210,2,3,48.5
302,5,210,2,4,49.5
303,5,210,2,5,49.7
304,5,210,2,6,47.3
305,5,210,3,2,50.2
306,5,210,3,3,49.7
307,5,210,3,4,47.6
308,5,210,3,5,47.7
309,5,210,3,6,48.8
310,5,210,4,2,48.8
311,5,210,4,3,48.8
312,5,210,4,4,48.0
313,5,210,4,5,49.0
314,5,210,4,6,47.0
315,5,210,5,2,47.4
316,5,210,5,3,49.1
317,5,210,5,4,48.7
318,5,210,5,5,47.4
319,5,210,5,6,48.0
320,5,210,6,2,48.4
321,5,210,6,3,49.6
322,5,210,6,4,49.0
323,5,210,6,5,48.0
324,5,210,6,6,46.8
325,5,210,7,2,48.0
326,5,210,7,3,46.8
327,5,210,7,4,46.0
328,5,210,7,5,48.6
329,5,210,7,6,50.7
330,5,230,2,2,56.7
331,5,230,2,3,56.0
332,5,230,2,4,56.4
333,5,230,2,5,55.9
334,5,230,2,6,55.5
335,5,230,3,2,53.4
336,5,230,3,3,54.6
337,5,230,3,4,57.4
338,5,230,3,5,55.8
339,5,230,3,6,56.0
340,5,230,4,2,55.5
341,5,230,4,3,55.2
342,5,230,4,4,58.7
343,5,230,4,5,58.2
344,5,230,4,6,54.3
345,5,230,5,2,55.5
346,5,230,5,3,56.0
347,5,230,5,4,54.8
348,5,230,5,5,55.8
349,5,230,5,6,54.8
350,5,230,6,2,56.6
351,5,230,6,3,54.6
352,5,230,6,4,57.7
353,5,230,6,5,56.8
354,5,230,6,6,56.1
355,5,230,7,2,56.7
356,5,230,7,3,55.7
357,5,230,7,4,55.4
358,5,230,7,5,54.7
359,5,230,7,6,58.2
360,5,250,2,2,64.0
361,5,250,2,3,62.5
362,5,250,2,4,62.3
363,5,250,2,5,63.7
364,5,250,2,6,61.8
365,5,250,3,2,62.0
366,5,250,3,3,62.9
367,5,250,3,4,60.8
368,5,250,3,5,62.1
369,5,250,3,6,62.8
370,5,250,4,2,61.0
371,5,250,4,3,60.4
372,5,250,4,4,62.1
373,5,250,4,5,61.5
374,5,250,4,6,62.9
375,5,250,5,2,65.0
376,5,250,5,3,62.5
377,5,250,5,4,64.4
378,5,250,5,5,62.6
379,5,250,5,6,63.3
380,5,250,6,2,62.7
381,5,250,6,3,62.2
382,5,250,6,4,63.4
383,5,250,6,5,62.4
384,5,250,6,6,63.4
385,5,250,7,2,60.6
386,5,250,7,3,62.7
387,5,250,7,4,63.0
388,5,250,7,5,62.7
389,5,250,7,6,63.3
390,5,270,2,2,69.6
391,5,270,2,3,70.4
392,5,270,2,4,70.0
393,5,270,2,5,69.7
394,5,270,2,6,70.2
395,5,270,3,2,67.9
396,5,270,3,3,69.6
397,5,270,3,4,70.3
398,5,270,3,5,68.5
399,5,270,3,6,71.3
400,5,270,4,2,69.6
401,5,270,4,3,68.4
402,5,270,4,4,71.6
403,5,270,4,5,72.4
404,5,270,4,6,70.0
405,5,270,5,2,69.9
406,5,270,5,3,71.3
407,5,270,5,4,71.4
408,5,270,5,5,70.8
409,5,270,5,6,71.2
410,5,270,6,2,70.0
411,5,270,6,3,70.9
412,5,270,6,4,70.9
413,5,270,6,5,71.5
414,5,270,6,6,70.7
415,5,270,7,2,68.3
416,5,270,7,3,71.0
417,5,270,7,4,71.1
418,5,270,7,5,70.0
419,5,270,7,6,70.2
420,5,290,2,2,78.2
421,5,290,2,3,77.2
422,5,290,2,4,77.5
423,5,290,2,5,75.8
424,5,290,2,6,76.8
425,5,290,3,2,77.0
426,5,290,3,3,78.8
427,5,290,3,4,78.1
428,5,290,3,5,79.1
429,5,290,3,6,77.1
430,5,290,4,2,76.2
431,5,290,4,3,75.5
432,5,290,4,4,77.7
433,5,290,4,5,77.5
434,5,290,4,6,77.7
435,5,290,5,2,76.1
436,5,290,5,3,79.4
437,5,290,5,4,77.1
438,5,290,5,5,76.8
439,5,290,5,6,78.3
440,5,290,6,2,79.7
441,5,290,6,3,75.9
442,5,290,6,4,78.2
443,5,290,6,5,77.4
444,5,290,6,6,76.8
445,5,290,7,2,76.7
446,5,290,7,3,76.8
447,5,290,7,4,76.3
448,5,290,7,5,76.7
449,5,290,7,6,76.9
450,5,310,2,2,85.0
451,5,310,2,3,84.4
452,5,310,2,4,83.5
453,5,310,2,5,86.6
454,5,310,2,6,85.7
455,5,310,3,2,85.5
456,5,310,3,3,85.5
457,5,310,3,4,84.7
458,5,310,3,5,83.3
459,5,310,3,6,84.8
460,5,310,4,2,85.5
461,5,310,4,3,85.6
462,5,310,4,4,87.2
463,5,310,4,5,83.7
464,5,310,4,6,85.0
465,5,310,5,2,85.6
466,5,310,5,3,86.7
467,5,310,5,4,86.2
468,5,310,5,5,84.8
469,5,310,5,6,84.4
470,5,310,6,2,85.4
471,5,310,6,3,84.2
472,5,310,6,4,82.6
473,5,310,6,5,84.5
474,5,310,6,6,86.4
475,5,310,7,2,84.9
476,5,310,7,3,85.2
477,5,310,7,4,86.0
478,5,310,7,5,85.4
479,5,310,7,6,84.9
480,5,330,2,2,91.4
481,5,330,2,3,89.7
482,5,330,2,4,92.0
483,5,330,2,5,91.2
484,5,330,2,6,93.7
485,5,330,3,2,91.4
486,5,330,3,3,93.4
487,5,330,3,4,92.8
488,5,330,3,5,93.3
489,5,330,3,6,89.5
490,5,330,4,2,92.6
491,5,330,4,3,93.1
492,5,330,4,4,90.3
493,5,330,4,5,93.2
494,5,330,4,6,94.1
495,5,330,5,2,90.4
496,5,330,5,3,93.0
497,5,330,5,4,93.2
498,5,330,5,5,92.2
499,5,330,5,6,91.9
500,5,330,6,2,94.3
501,5,330,6,3,92.8
502,5,330,6,4,91.3
503,5,330,6,5,90.1
504,5,330,6,6,91.1
505,5,330,7,2,90.7
506,5,330,7,3,92.2
507,5,330,7,4,91.8
508,5,330,7,5,95.2
509,5,330,7,6,93.3
510,5,350,2,2,98.5
511,5,350,2,3,101.0
512,5,350,2,4,100.6
513,5,350,2,5,100.7
514,5,350,2,6,102.8
515,5,350,3,2,101.7
516,5,350,3,3,99.9
517,5,350,3,4,101.6
518,5,350,3,5,99.8
519,5,350,3,6,102.1
520,5,350,4,2,100.8
521,5,350,4,3,102.6
522,5,350,4,4,100.0
523,5,350,4,5,100.0
524,5,350,4,6,101.5
525,5,350,5,2,99.5
526,5,350,5,3,101.6
527,5,350,5,4,100.1
528,5,350,5,5,100.4
529,5,350,5,6,101.4
530,5,350,6,2,99.6
531,5,350,6,3,100.0
532,5,350,6,4,101.5
533,5,350,6,5,100.8
534,5,350,6,6,101.1
535,5,350,7,2,99.5
536,5,350,7,3,99.9
537,5,350,7,4,103.2
538,5,350,7,5,102.4
539,5,350,7,6,100.5
540,5,370,2,2,108.0
541,5,370,2,3,110.5
542,5,370,2,4,108.3
543,5,370,2,5,107.2
544,5,370,2,6,109.1
545,5,370,3,2,108.7
546,5,370,3,3,108.8
547,5,370,3,4,108.5
548,5,370,3,5,107.6
549,5,370,3,6,107.7
550,5,370,4,2,107.2
551,5,370,4,3,107.9
552,5,370,4,4,106.4
553,5,370,4,5,106.4
554,5,370,4,6,106.6
555,5,370,5,2,107.4
556,5,370,5,3,109.2
557,5,370,5,4,108.8
558,5,370,5,5,108.9
559,5,370,5,6,109.2
560,5,370,6,2,107.9
561,5,370,6,3,109.8
562,5,370,6,4,108.1
563,5,370,6,5,106.8
564,5,370,6,6,110.1
565,5,370,7,2,107.1
566,5,370,7,3,108.1
567,5,370,7,4,107.8
568,5,370,7,5,106.0
569,5,370,7,6,107.5
570,5,390,2,2,118.5
571,5,390,2,3,117.2
572,5,390,2,4,116.3
573,5,390,2,5,115.6
574,5,390,2,6,115.1
575,5,390,3,2,116.1
576,5,390,3,3,116.7
577,5,390,3,4,114.7
578,5,390,3,5,115.5
579,5,390,3,6,118.0
580,5,390,4,2,115.4
581,5,390,4,3,115.3
582,5,390,4,4,117.7
583,5,390,4,5,117.1
584,5,390,4,6,115.7
585,5,390,5,2,115.7
586,5,390,5,3,120.4
587,5,390,5,4,117.3
588,5,390,5,5,116.4
589,5,390,5,6,115.8
590,5,390,6,2,117.9
591,5,390,6,3,116.2
592,5,390,6,4,113.8
593,5,390,6,5,114.9
594,5,390,6,6,116.9
595,5,390,7,2,115.7
596,5,390,7,3,116.4
597,5,390,7,4,117.6
598,5,390,7,5,116.9
599,5,390,7,6,116.7
600,5,410,2,2,124.0
601,5,410,2,3,123.3
602,5,410,2,4,122.3
603,5,410,2,5,125.7
604,5,410,2,6,128.6
605,5,410,3,2,126.9
606,5,410,3,3,126.4
607,5,410,3,4,125.3
608,5,410,3,5,124.8
609,5,410,3,6,124.9
610,5,410,4,2,125.7
611,5,410,4,3,123.6
612,5,410,4,4,123.6
613,5,410,4,5,124.0
614,5,410,4,6,123.9
615,5,410,5,2,126.3
616,5,410,5,3,121.6
617,5,410,5,4,122.8
618,5,410,5,5,123.8
619,5,410,5,6,123.2
620,5,410,6,2,121.0
621,5,410,6,3,123.7
622,5,410,6,4,123.1
623,5,410,6,5,123.6
624,5,410,6,6,125.1
625,5,410,7,2,122.0
626,5,410,7,3,125.0
627,5,410,7,4,124.5
628,5,410,7,5,123.8
629,5,410,7,6,124.3
630,5,430,2,2,130.3
631,5,430,2,3,132.0
632,5,430,2,4,130.6
633,5,430,2,5,134.2
634,5,430,2,6,130.7
635,5,430,3,2,131.6
636,5,430,3,3,131.7
637,5,430,3,4,131.6
638,5,430,3,5,132.1
639,5,430,3,6,130.1
640,5,430,4,2,133.3
641,5,430,4,3,131.3
642,5,430,4,4,131.3
643,5,430,4,5,131.9
644,5,430,4,6,133.9
645,5,430,5,2,132.7
646,5,430,5,3,128.2
647,5,430,5,4,131.0
648,5,430,5,5,130.2
649,5,430,5,6,132.9
650,5,430,6,2,127.9
651,5,430,6,3,132.9
652,5,430,6,4,130.8
653,5,430,6,5,133.3
654,5,430,6,6,132.7
655,5,430,7,2,132.8
656,5,430,7,3,135.3
657,5,430,7,4,129.9
658,5,430,7,5,131.1
659,5,430,7,6,132.9
660,5,450,2,2,141.8
661,5,450,2,3,139.4
662,5,450,2,4,143.1
663,5,450,2,5,140.4
664,5,450,2,6,140.6
665,5,450,3,2,140.8
666,5,450,3,3,137.1
667,5,450,3,4,138.2
668,5,450,3,5,141.2
669,5,450,3,6,140.1
670,5,450,4,2,139.6
671,5,450,4,3,139.9
672,5,450,4,4,138.4
673,5,450,4,5,138.6
674,5,450,4,6,140.5
675,5,450,5,2,141.3
676,5,450,5,3,139.7
677,5,450,5,4,141.0
678,5,450,5,5,139.7
679,5,450,5,6,140.2
680,5,450,6,2,140.0
681,5,450,6,3,139.2
682,5,450,6,4,140.4
683,5,450,6,5,141.1
684,5,450,6,6,140.6
685,5,450,7,2,140.6
686,5,450,7,3,140.8
687,5,450,7,4,142.0
688,5,450,7,5,138.2
689,5,450,7,6,140.5
690,5,470,2,2,147.0
691,5,470,2,3,149.8
692,5,470,2,4,148.9
693,5,470,2,5,146.7
694,5,470,2,6,148.0
695,5,470,3,2,147.0
696,5,470,3,3,149.9
697,5,470,3,4,150.6
698,5,470,3,5,149.3
699,5,470,3,6,149.6
700,5,470,4,2,148.2
701,5,470,4,3,146.5
702,5,470,4,4,149.7
703,5,470,4,5,147.3
704,5,470,4,6,147.8
705,5,470,5,2,150.2
706,5,470,5,3,151.1
707,5,470,5,4,149.5
708,5,470,5,5,149.6
709,5,470,5,6,150.4
710,5,470,6,2,151.4
711,5,470,6,3,147.6
712,5,470,6,4,147.5
713,5,470,6,5,149.7
714,5,470,6,6,146.6
715,5,470,7,2,144.6
716,5,470,7,3,147.2
717,5,470,7,4,147.5
718,5,470,7,5,146.8
719,5,470,7,6,148.8
720,5,490,2,2,155.2
721,5,490,2,3,152.9
722,5,490,2,4,156.9
723,5,490,2,5,154.7
724,5,490,2,6,159.5
725,5,490,3,2,154.6
726,5,490,3,3,157.8
727,5,490,3,4,158.3
728,5,490,3,5,155.9
729,5,490,3,6,157.4
730,5,490,4,2,155.5
731,5,490,4,3,155.3
732,5,490,4,4,157.6
733,5,490,4,5,156.2
734,5,490,4,6,153.9
735,5,490,5,2,152.5
736,5,490,5,3,153.1
737,5,490,5,4,154.7
738,5,490,5,5,155.3
739,5,490,5,6,157.5
740,5,490,6,2,154.1
741,5,490,6,3,154.9
742,5,490,6,4,154.5
743,5,490,6,5,157.7
744,5,490,6,6,153.8
745,5,490,7,2,155.2
746,5,490,7,3,154.7
747,5,490,7,4,155.8
748,5,490,7,5,155.6
749,5,490,7,6,155.1
